"last_name, first_name","player_id","year","pa","k_percent","bb_percent","woba","xwoba","sweet_spot_percent","barrel_batted_rate","hard_hit_percent","avg_best_speed","avg_hyper_speed","whiff_percent","swing_percent"
"Colon, Bartolo",112526,2016,791,16.2,4,".311",".318",29.9,5.3,37.6,"80.64008598","93.890421364",13.6,47.2
"Sabathia, CC",282332,2016,768,19.8,8.5,".312",".289",27.5,4.4,26.9,"74.149818745","92.141573867",23,46.4
"Dickey, R.A.",285079,2016,728,17.3,8.7,".338",".350",34.7,7.3,35.5,"76.222407311","93.57778803",23.6,48.1
"Lackey, John",407793,2016,748,24.1,7.1,".280",".316",32.6,5.9,38.1,"79.577643008","94.146629301",25.5,49
"De La Rosa, Jorge",407822,2016,614,17.6,10.3,".369",".351",30.8,6.4,38.6,"78.133013649","93.932480665",24.8,45.5
"Peavy, Jake",408241,2016,520,19.6,6.9,".354",".343",33.9,9.2,36.8,"80.214987473","93.86073168",23.2,48.6
"Wainwright, Adam",425794,2016,847,19,7,".335",".329",37.5,5.9,30.2,"76.527704073","92.663444238",20.2,44.1
"Greinke, Zack",425844,2016,667,20.1,6.1,".319",".317",32.1,6.9,30.9,"77.706972996","93.012835633",22.8,49.2
"Santana, Ervin",429722,2016,748,19.9,7.1,".296",".313",32.8,5.9,31.7,"78.073854633","93.358087853",22.9,47.2
"Hamels, Cole",430935,2016,848,23.6,9.1,".307",".315",32,6,35.7,"75.943485474","93.704193047",27.2,48.7
"Kazmir, Scott",431148,2016,590,22.7,8.8,".327",".312",35.8,5.3,31,"74.522581451","92.655854286",23.3,44.9
"Hernández, Félix",433587,2016,655,18.6,9.9,".316",".345",31.7,5.9,34.3,"78.843843209","93.634039674",22.5,46.6
"Verlander, Justin",434378,2016,903,28.1,6.3,".272",".274",29.8,7.5,32.9,"77.434162902","93.214610402",26.9,50.2
"Liriano, Francisco",434538,2016,731,23,11.6,".336",".320",28.6,6.4,33.3,"78.13093163","93.357773598",28.2,43.3
"Jiménez, Ubaldo",434622,2016,637,19.6,11.3,".337",".318",29.1,5,32.3,"78.801353803","93.088461174",21.4,42
"Hammel, Jason",434628,2016,692,20.8,7.7,".315",".325",33.5,7.2,37.2,"80.270904768","93.989707505",23.8,46.6
"Sánchez, Aníbal",434671,2016,668,20.2,7.9,".353",".324",31.2,6.1,35.2,"78.454217112","93.401729287",21.6,46.7
"Nolasco, Ricky",445060,2016,817,17.6,5.4,".318",".318",33.8,6.4,35.9,"78.558677785","93.551862007",20.9,46.5
"Kluber, Corey",446372,2016,860,26.4,6.6,".275",".282",34.4,6,30.4,"75.860158029","92.779869048",28.2,48.5
"Shields, James",448306,2016,821,16.4,10,".377",".359",34.6,8.4,33.3,"78.659147619","93.438884966",22.3,44
"García, Jaime",448802,2016,741,20.2,7.7,".334",".310",28.1,5.7,35.3,"78.07956375","93.764564168",21.7,45.8
"Volquez, Edinson",450172,2016,853,16.3,8.9,".343",".347",32.2,6.3,35.5,"78.467344645","93.710160517",19.8,45.8
"Weaver, Jered",450308,2016,766,13.4,6.7,".365",".352",38.3,7.4,32.1,"78.239708822","93.133951804",18.8,45.8
"Fister, Doug",450729,2016,778,14.8,8,".340",".331",34.2,4.5,35.7,"76.519269522","93.25770971",15.6,40.5
"Gallardo, Yovani",451596,2016,525,16.2,11.6,".349",".331",33.6,5.3,35.7,"79.09021973","93.510307425",17.5,41
"Lester, Jon",452657,2016,796,24.7,6.5,".264",".272",31.2,4.1,29.2,"77.528217198","92.686430661",24,47.1
"Kennedy, Ian",453178,2016,818,22.5,8.1,".312",".323",32.4,7.7,38.7,"79.045151148","93.924687625",23.4,47.3
"Wright, Steven",453214,2016,656,19.4,8.7,".289",".281",27.8,3,26.7,"76.786797339","92.51169695",25.4,44.7
"Scherzer, Max",453286,2016,902,31.5,6.2,".267",".259",30.8,6.1,29.5,"76.600744771","92.906856711",32.4,51.8
"Buchholz, Clay",453329,2016,588,15.8,9.4,".321",".328",29.9,6.7,32.9,"78.455515814","93.054127674",22,45.7
"Arrieta, Jake",453562,2016,795,23.9,9.6,".261",".291",30.8,4.8,29.6,"76.361267362","92.51406872",25.2,45.6
"Price, David",456034,2016,951,24,5.3,".309",".298",32.4,6.3,33,"76.790504264","93.434837926",24.8,51
"González, Miguel",456068,2016,566,16.8,6.2,".298",".309",32.6,4,30.9,"77.57521184","92.837656454",18.2,48.6
"Griffin, A.J.",456167,2016,509,21,9,".353",".353",38.1,8.6,38.7,"78.867624497","93.952152908",22.8,44.2
"Cueto, Johnny",456501,2016,881,22.5,5.1,".276",".291",30.2,4.4,33.2,"77.282585166","93.196412053",21.8,48.2
"Happ, J.A.",457918,2016,796,20.5,7.5,".291",".321",32.1,7.4,37.2,"79.006846942","94.164660342",22.3,47
"Tomlin, Josh",458708,2016,725,16.3,2.8,".327",".332",35.4,7.2,32.2,"77.349528786","93.261151109",17,48.4
"Pelfrey, Mike",460059,2016,541,10.4,8.5,".378",".370",31.4,5.5,39.3,"78.236595849","93.969928463",16.6,43.8
"Gonzalez, Gio",461829,2016,765,22.4,7.7,".317",".316",31.2,5.9,33.8,"78.905913695","93.393239034",23.4,44.2
"Estrada, Marco",462136,2016,723,22.8,9,".279",".296",31.9,7.4,31.5,"77.811059017","93.240246859",26.2,45.8
"Nova, Iván",467100,2016,684,18.6,4.1,".330",".323",31.9,6.7,41,"80.616567347","94.698374816",20.5,49.5
"Chacín, Jhoulys",468504,2016,632,18.8,8.7,".322",".326",29.1,4.4,36.2,"78.600703241","93.682301319",19.5,44.2
"Carrasco, Carlos",471911,2016,599,25,5.7,".303",".288",30.6,5.1,37.9,"79.700303756","93.83353198",27,49.4
"Hellickson, Jeremy",476451,2016,772,19.9,5.8,".304",".322",37.4,6.9,28.4,"77.188686877","93.001822156",24,48
"Niese, Jonathon",477003,2016,546,16.1,8.6,".374",".355",33.6,6.4,35.8,"79.290416615","93.82981526",17.9,46.2
"Kershaw, Clayton",477132,2016,544,31.6,2,".204",".222",27.9,4.5,27.3,"77.128945852","92.355949715",31.5,51.7
"Cashner, Andrew",488768,2016,587,19.1,10.2,".361",".359",33.8,7.8,40.7,"81.433778154","94.46057162",18.4,42.9
"Miley, Wade",489119,2016,711,19.3,6.9,".346",".345",35.1,6.7,37.4,"78.408058577","93.886690891",20.8,46.7
"Quintana, Jose",500779,2016,837,21.6,6,".297",".293",33.1,4.5,34.2,"78.012765118","93.183909207",18.6,45.8
"Pineda, Michael",501381,2016,755,27.4,7,".335",".304",35.6,6.7,39.3,"79.597226066","94.022051211",31.2,48.8
"Tillman, Chris",501957,2016,715,19.6,9.2,".317",".330",34.7,7.8,35.3,"79.233002249","93.500010463",21.9,45.7
"Archer, Chris",502042,2016,850,27.4,7.9,".304",".302",29.7,8.4,40.5,"80.17965382","94.340095524",29.6,45.5
"Gibson, Kyle",502043,2016,653,15.9,8.4,".352",".339",32.7,6.1,33.5,"78.176597273","93.341247867",22.7,45.3
"Locke, Jeff",502046,2016,563,13,7.8,".358",".345",31.2,6.5,33.4,"79.107975048","93.662401831",19.3,48.7
"Samardzija, Jeff",502188,2016,829,20.1,6.5,".303",".307",31.1,6.1,35.1,"78.57450771","93.55389312",20.7,48.6
"Leake, Mike",502190,2016,757,16.5,4,".323",".327",29.7,6.2,36.8,"78.379602063","93.866092434",16.3,47.9
"Santiago, Héctor",502327,2016,785,18.3,10.1,".332",".353",33,9.3,39.3,"79.385412198","94.190346703",19.9,46.2
"Anderson, Chase",502624,2016,647,18.5,8.2,".348",".348",38.1,8.7,30,"78.214046228","93.015949605",20.8,45.2
"Peralta, Wily",503449,2016,554,16.8,7.8,".365",".345",34.9,6.7,35.9,"78.8768112","93.881343058",21,44.5
"Nicasio, Juan",504379,2016,513,26.9,8.8,".330",".285",30.3,5,31.6,"78.249718514","93.410485101",24.4,46.7
"Salazar, Danny",517593,2016,584,27.6,10.8,".304",".307",32.4,7.8,44.1,"81.658556591","94.842019148",25.6,47
"Bettis, Chad",518452,2016,814,17,7.2,".332",".330",31.1,5.6,34.9,"78.376797424","93.557475874",21.6,45.1
"Bumgarner, Madison",518516,2016,912,27.5,5.9,".269",".279",29.5,6.7,31.2,"78.651695105","93.234360787",25.9,48.1
"Duffy, Danny",518633,2016,731,25.7,5.7,".305",".308",34.8,7.9,36,"79.742936708","93.732759521",27.3,51.5
"Gee, Dillon",518716,2016,551,16.2,6.7,".348",".330",34.6,6.2,30.1,"76.904223448","92.641790025",18.4,47.1
"Moore, Matt",519043,2016,838,21.2,8.6,".304",".317",30.9,6.4,31.4,"79.032774515","93.295812705",24.2,47
"Nelson, Jimmy",519076,2016,807,17.3,10.7,".345",".327",27.8,5.5,35.1,"78.539410511","93.601808227",19,45
"Pomeranz, Drew",519141,2016,703,26.5,9.2,".286",".279",28.4,7.3,34.4,"77.782632719","93.231277581",25.9,46.2
"Porcello, Rick",519144,2016,890,21.2,3.6,".274",".301",32.8,7,35.1,"77.86729175","93.520286813",18.6,48.4
"Sale, Chris",519242,2016,907,25.7,5,".282",".294",33.5,5.7,33.3,"78.974299831","93.259390777",24.8,49.3
"Pérez, Martín",527048,2016,855,12,8.9,".323",".354",31.5,6,37.4,"79.463669018","93.982063149",18.4,48.1
"Teheran, Julio",527054,2016,758,22,5.4,".281",".298",33.1,6.5,33.6,"78.801189731","93.514894605",24.1,48.6
"Shoemaker, Matt",533167,2016,668,21.4,4.5,".310",".323",35,7,35,"76.84727645","93.427076529",27.1,51.8
"Andriese, Matt",542882,2016,527,20.7,4.7,".307",".309",30.7,7.2,41.2,"82.058028718","94.386511208",23.2,49.4
"Chatwood, Tyler",543022,2016,669,17.5,10.5,".316",".311",28.1,4,35.2,"76.699599181","93.318093815",19.8,45.2
"Cole, Gerrit",543037,2016,506,19.4,7.1,".326",".308",36.1,3,31,"77.69281142","92.927593182",18.9,48.2
"Conley, Adam",543045,2016,583,21.3,10.6,".321",".317",32.6,6.2,31.6,"77.384013785","93.284953229",23.4,46.7
"DeSclafani, Anthony",543101,2016,507,20.7,5.9,".310",".304",34.5,6.3,36.1,"78.873407697","93.461752535",21.5,46
"Eovaldi, Nathan",543135,2016,525,18.5,7.6,".331",".340",31.3,8.5,40.3,"79.138905236","94.41886877",22.1,47.8
"Friedrich, Christian",543184,2016,567,17.6,9.2,".317",".306",28.8,4.1,32.9,"78.124084171","93.418185239",19.3,46.3
"Gray, Sonny",543243,2016,516,18.2,8.1,".349",".333",28.6,6.3,43.4,"79.926266522","94.447179837",20,44.5
"Hendricks, Kyle",543294,2016,745,22.8,5.9,".254",".259",28.9,3.4,26.2,"76.410293878","92.363342796",24.7,43.2
"Koehler, Tom",543408,2016,774,19,10.7,".330",".333",36.4,6.7,33.4,"77.202523385","93.205661946",23.5,44.4
"McHugh, Collin",543521,2016,795,22.3,6.8,".338",".289",33.6,4.7,28.3,"76.699155602","92.67386547",23.9,47.6
"Odorizzi, Jake",543606,2016,773,21.5,7,".306",".317",34.6,8.4,35.9,"80.403831513","93.892650572",21.8,49
"Roark, Tanner",543699,2016,855,20.1,8.5,".282",".306",30.5,5.4,30.3,"77.099292586","92.874983506",21.9,43.8
"Strasburg, Stephen",544931,2016,598,30.6,7.4,".277",".269",36.6,6,33.6,"76.939714365","93.187773591",24.9,49.6
"Bauer, Trevor",545333,2016,811,20.7,8.6,".310",".325",30.3,5.7,39.7,"79.530937546","94.059035186",22.5,44.2
"Iwakuma, Hisashi",547874,2016,836,17.6,5.5,".331",".329",33.5,5.8,33.9,"78.463285455","93.597793685",17.4,48.8
"Tanaka, Masahiro",547888,2016,805,20.5,4.5,".278",".293",31.6,4.3,36.3,"78.535028893","93.74311565",23.3,50.2
"Ventura, Yordano",570649,2016,816,17.6,9.6,".329",".342",30.2,7.8,38.4,"79.682925276","94.09919715",22.1,44.4
"Corbin, Patrick",571578,2016,701,18.7,9.4,".354",".351",31.3,9,36.5,"79.393863443","94.36229232",22.8,45.3
"Fiers, Mike",571666,2016,724,18.5,5.8,".342",".332",35.5,6.1,39.2,"79.698250602","94.093293835",21.6,45.9
"Matz, Steven",571927,2016,547,23.6,5.7,".299",".275",26.4,4.5,36.1,"78.236945714","93.644488956",22.7,47.3
"Paxton, James",572020,2016,511,22.9,4.7,".306",".280",30.6,4.1,41.2,"80.577407377","94.37797112",25.5,49.8
"Keuchel, Dallas",572971,2016,701,20.5,6.8,".317",".306",29.6,6.9,36.9,"77.11993996","93.87472086",23.2,44.1
"Straily, Dan",573185,2016,792,20.5,9.2,".307",".324",35.7,7.5,35,"78.939690712","93.516067978",23.4,47.4
"Stroman, Marcus",573186,2016,854,19.4,6.3,".312",".306",26.5,4.9,41.9,"79.92819657","94.684735397",21.5,47.3
"Foltynewicz, Mike",592314,2016,525,21.1,6.7,".325",".308",31.6,6.2,37,"78.153813901","93.611759148",22,48.2
"Gausman, Kevin",592332,2016,757,23,6.2,".319",".314",31.5,7.2,33.7,"78.357793386","93.493115354",25.4,48.4
"Gray, Jon",592351,2016,711,26,8.3,".307",".310",36,6.2,34.7,"77.573562329","93.545400457",26.5,49
"Ray, Robbie",592662,2016,776,28.1,9.1,".332",".317",32.2,6.9,39.3,"79.578419784","94.224562138",26.6,46.6
"Sanchez, Aaron",592717,2016,790,20.4,8,".277",".313",27.5,6.1,39.8,"79.37410574","94.444513755",21,43.5
"Smyly, Drew",592767,2016,738,22.6,6.6,".323",".300",34,6.7,31,"77.317629882","93.170192992",25,47.5
"Syndergaard, Noah",592789,2016,744,29.3,5.8,".277",".259",31.8,3.5,31.8,"76.807153632","93.207222073",30.4,50.4
"Velasquez, Vince",592826,2016,551,27.6,8.2,".328",".313",37.4,7.9,34,"78.239107","93.626838",27.1,47.1
"Walker, Taijuan",592836,2016,573,20.8,6.5,".326",".321",34,9,36.7,"79.438520545","93.811845112",22.5,48.2
"Martinez, Carlos",593372,2016,809,21.5,8.7,".286",".283",24.7,3.8,30.5,"76.668594502","92.848051624",23.1,47.1
"deGrom, Jacob",594798,2016,604,23.7,6,".298",".309",32,6.4,31.8,"77.902324949","93.517242374",24.8,49.1
"Eickhoff, Jerad",595191,2016,811,20.6,5.2,".313",".293",32.8,5.7,35,"78.345859552","93.474457478",21.7,45.7
"Bradley, Archie",605151,2016,638,22.4,10.5,".341",".327",33,5.2,37,"79.564942864","94.044966107",21.2,42.7
"Davies, Zach",605200,2016,682,19.8,5.6,".313",".294",31.2,5.2,28.6,"77.566623222","92.832344833",20.3,44.6
"Fernández, José",605228,2016,737,34.3,7.5,".271",".269",36.2,3.8,36.2,"79.88189322","93.485750856",32.8,46
"Finnegan, Brandon",605232,2016,734,19.8,11.4,".324",".347",38.9,8,35.5,"77.669041592","93.589989469",22.6,45.5
"Fulmer, Michael",605242,2016,647,20.4,6.5,".285",".300",28.7,5.8,32.3,"77.486104248","93.376363947",23.4,48.8
"Morgan, Adam",605388,2016,507,18.7,5.7,".369",".354",37.2,7.1,39.3,"78.927744595","94.376183081",24,48.4
"Wisler, Matt",605538,2016,671,17.1,7.3,".323",".335",30,6.4,36.8,"78.575125172","94.253213513",21.2,47.9
"Perdomo, Luis",606131,2016,661,15.9,7,".360",".331",29.6,5.8,40.6,"80.097300643","94.081931308",19.5,46.3
"Rodón, Carlos",607074,2016,714,23.5,7.6,".328",".303",32.5,4.5,35,"79.012157074","93.430907969",23.6,46.3
"Wacha, Michael",608379,2016,606,18.8,7.4,".339",".318",37,6.1,34.1,"77.486563257","93.390775459",18.8,47.5
"Duffey, Tyler",608648,2016,596,19.1,5.4,".369",".358",35.1,9.5,43,"79.893959679","94.577700529",19.7,47.6
"Graveman, Kendall",608665,2016,785,13.8,6,".316",".345",30,5.5,38.7,"79.170138771","94.198862729",18.1,44.7
"Chen, Wei-Yin",612672,2016,520,19.2,4.6,".335",".346",33.8,8.4,37.2,"79.585836737","94.097815567",20.9,48.9
"Maeda, Kenta",628317,2016,716,25,7,".281",".281",34.9,5.4,25.5,"75.543428432","91.917763885",27.5,45.8
"Manaea, Sean",640455,2016,594,20.9,6.2,".306",".321",31,6.8,38.9,"79.451843578","94.386920025",25.2,52.1
"Colon, Bartolo",112526,2017,648,13.7,5.4,".381",".351",34,7.3,37.4,"77.971227891","93.973900841",12.7,46.8
"Sabathia, CC",282332,2017,623,19.3,8,".309",".315",32.4,4,28.9,"72.833064725","92.656570736",21.2,46.2
"Dickey, R.A.",285079,2017,815,16.7,8.2,".334",".318",30.9,4.3,30.8,"75.232212544","92.575979634",21,47.4
"Lackey, John",407793,2017,731,20.4,7.3,".331",".344",34.8,6.8,36.2,"77.411569084","93.589858625",23.1,47.5
"Wainwright, Adam",425794,2017,546,17.6,8.2,".340",".327",34.8,4.3,33.8,"75.321550918","93.09279867",18.4,44.3
"Greinke, Zack",425844,2017,801,26.8,5.6,".282",".287",31.6,7.4,30.9,"76.531302652","93.147849508",29,46.2
"Santana, Ervin",429722,2017,863,19.4,7.1,".291",".300",29.8,5.9,30.1,"74.555954838","92.70750678",23.4,48.5
"Cain, Matt",430912,2017,567,13.2,8.6,".358",".361",34.9,6.1,36.6,"78.205979116","93.554518462",12.6,43.5
"Hamels, Cole",430935,2017,614,17.1,8.6,".301",".327",32.1,5.4,36,"77.039547955","93.468307727",21.5,46.8
"Verlander, Justin",434378,2017,849,25.8,8.5,".285",".315",37.4,7.2,35.6,"76.196477055","93.56629623",23.6,49.3
"Jiménez, Ubaldo",434622,2017,648,21.5,9,".379",".358",35.7,7.8,39.5,"78.560234136","94.179600432",21,42.8
"Hammel, Jason",434628,2017,804,18,6,".329",".345",35.5,7.1,33.9,"77.770795017","93.393397793",21.5,48
"Nolasco, Ricky",445060,2017,786,18.2,7.4,".357",".365",36.6,8.4,40,"79.727428951","94.38914035",25.4,45.9
"Chavez, Jesse",445926,2017,586,20.3,7.7,".348",".354",38.3,8.8,40.8,"77.769452548","94.233176178",20.8,44.3
"Kluber, Corey",446372,2017,777,34.1,4.6,".240",".248",33.8,5.3,29.2,"73.482502112","92.579947586",33.6,49.1
"Hill, Rich",448179,2017,552,30.1,8.9,".280",".278",31.4,7,29.1,"74.895332166","92.59006262",28.1,45.5
"Shields, James",448306,2017,516,20,10.3,".348",".354",35.6,8.7,37.6,"76.460443107","93.567303853",24.7,44.4
"García, Jaime",448802,2017,673,19.2,9.5,".324",".325",31.9,5.4,36.8,"75.305531144","93.646062945",26,46.4
"Morton, Charlie",450203,2017,617,26.4,8.1,".301",".294",32.6,4.6,29.8,"73.588319689","92.67287439",26.1,44.8
"Vargas, Jason",450306,2017,756,17.7,7.7,".326",".325",33.8,5.5,32.7,"76.494210109","92.888416733",23.6,43.4
"Gallardo, Yovani",451596,2017,578,16.3,10.4,".349",".356",34.1,7.1,35.1,"77.176924783","93.774949153",20.6,44.3
"Lester, Jon",452657,2017,763,23.6,7.9,".320",".304",34.1,5.4,29.5,"75.657403976","92.577866844",25.2,45.4
"Kennedy, Ian",453178,2017,655,20,9.3,".338",".359",35.4,10.9,35.8,"79.636653067","93.946074244",22.6,45.7
"Scherzer, Max",453286,2017,779,34.4,6.9,".247",".243",31.4,5.6,29.5,"76.053612615","92.471210917",32.2,52
"Richard, Clayton",453385,2017,858,17.6,6.9,".357",".325",29.1,4.4,33.3,"75.946296741","93.477245504",20.6,48.5
"Arrieta, Jake",453562,2017,707,23.1,7.8,".306",".305",31.3,5.6,33.3,"76.739003445","93.043328674",21.3,44.1
"González, Miguel",456068,2017,684,14.6,8,".337",".341",34.4,6.7,35.9,"78.218753527","93.29712099",15.2,47.6
"Cueto, Johnny",456501,2017,648,21,8.2,".347",".354",39.7,7.3,33.6,"77.636625","93.393625241",23.2,49.2
"Happ, J.A.",457918,2017,626,22.7,7.3,".301",".291",33.3,4.3,30.9,"74.125082824","92.857653944",22.1,47.7
"Lynn, Lance",458681,2017,776,19.7,10.1,".305",".315",32.3,5.8,27.5,"75.979605172","92.614986169",22.7,44.9
"Tomlin, Josh",458708,2017,585,18.6,2.4,".340",".351",39.3,7,36.6,"77.664868973","93.701737589",19.5,48.9
"Pelfrey, Mike",460059,2017,546,14.5,11.4,".362",".356",29.9,7.6,37.2,"76.597206041","93.624794656",17.4,40.5
"Gonzalez, Gio",461829,2017,827,22.7,9.6,".281",".295",29.5,4.9,27.9,"75.115433494","92.514745688",22.3,42.3
"Estrada, Marco",462136,2017,806,21.8,8.8,".333",".305",30.8,7,30.2,"76.270660362","92.870869528",24.2,49.3
"Nova, Iván",467100,2017,785,16.7,4.6,".330",".341",34,6.5,36.8,"79.549556807","93.808280474",17.9,50.5
"Chacín, Jhoulys",468504,2017,765,20,9.4,".302",".307",29.1,5.7,28.4,"75.784707597","92.380081553",20.5,42.6
"Carrasco, Carlos",471911,2017,798,28.3,5.8,".289",".295",34.1,7.4,34.6,"75.954064646","93.471092998",29.8,48.9
"Hellickson, Jeremy",476451,2017,695,13.8,6.8,".338",".351",35.3,6.4,34.7,"76.992957681","93.326679048",18.1,48
"Kershaw, Clayton",477132,2017,678,29.8,4.4,".258",".263",30.5,6.3,27.1,"74.004493868","92.361550426",29.9,51.7
"Cashner, Andrew",488768,2017,704,12.2,9.1,".304",".330",32.3,3.9,32.3,"75.696292841","93.277513974",14.9,44.7
"Miley, Wade",489119,2017,728,19.5,12.8,".362",".359",33.9,6.3,35.8,"75.828732905","93.77031341",21.9,41
"Garza, Matt",490063,2017,504,15.7,8.9,".336",".328",33,4.7,31.7,"75.53747235","92.957984658",18.3,48.1
"Ramírez, JC",500724,2017,620,16.9,7.9,".327",".341",28,6.5,34.6,"76.325091858","93.467056416",20.5,45.7
"Quintana, Jose",500779,2017,790,26.2,7.7,".301",".309",36.3,5.9,35.5,"76.595901344","93.267433228",21.4,43.9
"Archer, Chris",502042,2017,852,29.2,7,".306",".296",34.8,5.9,40.2,"79.336618302","94.061407524",30.3,47.9
"Gibson, Kyle",502043,2017,693,17.5,8.7,".355",".354",33.6,6.9,37.9,"77.309684701","93.977377166",23.6,46
"Cobb, Alex",502171,2017,742,17.3,5.9,".304",".324",31.6,6,35.1,"77.452471536","93.570908318",16.9,44.3
"Samardzija, Jeff",502188,2017,847,24.2,3.8,".309",".301",36.1,6.3,33.8,"76.297457625","93.23230199",22.5,49.1
"Leake, Mike",502190,2017,782,16.6,4.7,".316",".319",30.9,5.1,36.4,"75.993789829","93.662660188",18.5,48.4
"Anderson, Chase",502624,2017,569,23.4,7.2,".281",".275",31.7,4.4,26,"74.810135873","92.219573156",24.4,46.9
"Holland, Derek",502706,2017,626,16.6,12,".388",".383",37.9,8.2,39.5,"77.431320642","94.022564736",18.9,41.2
"Peacock, Brad",502748,2017,546,29.5,10.4,".274",".268",31.1,5.2,28.3,"74.734453813","92.30228",30.2,43.3
"Darvish, Yu",506433,2017,766,27.3,7.6,".296",".295",35.7,6.3,31.4,"74.59683219","92.93961155",28,47
"Duffy, Danny",518633,2017,609,21.3,6.7,".306",".309",32,5.5,31.1,"76.104195896","92.97968539",24.7,50.5
"Moore, Matt",519043,2017,790,18.7,8.5,".354",".361",36.4,9,40.3,"79.060694549","94.293487491",19.8,48
"Nelson, Jimmy",519076,2017,728,27.3,6.6,".301",".285",32,4,31.4,"73.969938326","92.957324581",25.5,48.7
"Pomeranz, Drew",519141,2017,739,23.5,9.2,".310",".317",32.5,6.7,35.7,"76.800647833","93.572409186",24.2,44.6
"Porcello, Rick",519144,2017,885,20.5,5.4,".348",".337",36.5,8,35.7,"77.299764006","93.661091431",21.1,49.6
"Sale, Chris",519242,2017,851,36.2,5.1,".260",".252",35.8,6.1,30.5,"75.977415802","92.794633025",31.8,50.1
"Zimmermann, Jordan",519455,2017,713,14.4,6.2,".372",".362",37.4,7.7,35.4,"79.736894036","93.562504564",17.9,49.3
"Pérez, Martín",527048,2017,811,14.2,7.8,".349",".356",35.7,5.4,32.4,"76.054533323","93.105965654",17.9,44.9
"Teheran, Julio",527054,2017,812,18.6,8.9,".330",".324",30.6,6.4,30.5,"76.701951696","92.903528463",21.6,47
"Adleman, Tim",534947,2017,531,20.3,9.6,".365",".337",35,7.9,32.7,"76.968297809","93.238116761",24.6,47.2
"Ramírez, Erasmo",541640,2017,539,20.2,5.8,".308",".324",33,7.6,35.8,"77.560782051","93.826673462",22.2,49.1
"Chatwood, Tyler",543022,2017,631,19,12.2,".338",".329",31.2,5.6,32.1,"74.164853905","93.296800048",24.4,43.9
"Cole, Gerrit",543037,2017,849,23.1,6.5,".315",".317",34,7.6,34.4,"74.046742743","93.325617774",21.9,46.5
"Gray, Sonny",543243,2017,678,22.6,8.4,".290",".310",29.5,6.2,38.6,"75.107633231","93.97063919",27.3,46.6
"Hendricks, Kyle",543294,2017,570,21.6,7,".291",".303",32.6,4.4,29.3,"72.804727665","92.625822468",21.1,42.8
"Montgomery, Mike",543557,2017,540,18.5,10.2,".280",".300",30.5,3.2,28.5,"74.879156054","92.587995745",20.5,43.7
"Odorizzi, Jake",543606,2017,603,21.1,10.1,".313",".326",35.4,8.2,35.7,"77.356116798","93.299093621",25.2,48
"Roark, Tanner",543699,2017,776,21.4,8.2,".313",".314",34.8,5.4,33.1,"76.004916579","92.951654049",23.5,46.1
"Strasburg, Stephen",544931,2017,701,29.1,6.7,".252",".263",28.2,6.1,32,"76.544349151","93.078753853",27.8,49.7
"Bauer, Trevor",545333,2017,749,26.2,8,".332",".320",36.1,7.8,39.2,"79.320654855","93.93590112",23.9,42.2
"Tanaka, Masahiro",547888,2017,751,25.8,5.5,".326",".315",34.6,8.6,36.2,"76.975184325","93.577293373",31.2,51.2
"Ryu, Hyun Jin",547943,2017,541,21.4,8.3,".336",".328",36.2,6.9,31.6,"76.812247104","93.150547842",26.1,44.8
"Ureña, José",570632,2017,724,15.6,8.8,".316",".345",34.3,8.6,30.9,"75.156262664","92.867668147",19.9,45.5
"Boyd, Matthew",571510,2017,605,18.2,8.8,".350",".333",34.4,5.9,30.3,"74.904261925","93.145388075",22.6,48.6
"Corbin, Patrick",571578,2017,826,21.5,7.4,".333",".320",30.1,6.7,35.6,"76.167283693","93.879800506",25.6,47
"Fiers, Mike",571666,2017,670,21.8,9.3,".354",".340",33,8,32.8,"74.963662308","93.080269546",21.5,46.2
"Paxton, James",572020,2017,552,28.3,6.7,".263",".256",31.7,2.8,31.3,"76.37520142","93.088450427",28.2,48.2
"Keuchel, Dallas",572971,2017,583,21.4,8.1,".273",".287",23.7,5.1,32.8,"72.74616596","93.177216212",27.1,45.3
"Straily, Dan",573185,2017,769,22.1,7.8,".330",".306",32.4,6.9,29.2,"76.965294825","92.746977879",26.6,49.9
"Stroman, Marcus",573186,2017,834,19.7,7.4,".310",".314",24.3,5,38.6,"77.352262517","94.068462118",23.6,44.5
"Foltynewicz, Mike",592314,2017,692,20.7,8.5,".342",".336",33.8,5.4,32.9,"77.982692318","93.540747189",23,45.2
"Gausman, Kevin",592332,2017,816,21.9,8.7,".346",".343",37.8,8.2,33.7,"76.544743863","93.436369079",25.9,46.5
"Ray, Robbie",592662,2017,665,32.8,10.7,".282",".297",31.5,6.2,41,"79.748876264","94.264737912",34.4,44.7
"Taillon, Jameson",592791,2017,587,21.3,7.8,".337",".305",33,4.1,31.2,"74.9302239","92.8653836",20.3,47
"Walker, Taijuan",592836,2017,683,21.4,8.9,".311",".313",30.2,5.1,34.5,"78.621860304","93.471695773",21.7,45
"Williams, Trevor",592866,2017,642,18.2,8.1,".309",".316",33.7,5.2,29.4,"75.202460267","92.737931314",19.3,47.8
"Martinez, Carlos",593372,2017,858,25.3,8.3,".299",".284",30.5,4.8,33.3,"75.664595818","93.155882382",24.6,46.8
"Rodriguez, Eduardo",593958,2017,582,25.8,8.6,".315",".308",35.5,7.7,31.3,"74.754872234","92.916060053",26.3,47.2
"deGrom, Jacob",594798,2017,827,28.9,7.1,".291",".273",32.1,5.9,28.8,"75.233682278","92.71360176",29.3,49.9
"Eickhoff, Jerad",595191,2017,576,20.5,9.2,".338",".337",33.8,6.3,34.6,"78.841327385","93.661571564",21.7,44.6
"Pivetta, Nick",601713,2017,584,24,9.8,".358",".335",36.6,7.3,37.2,"77.29458766","93.767580585",22.4,45.8
"Bundy, Dylan",605164,2017,698,21.8,7.3,".308",".321",34.2,7.8,36.5,"78.080485208","93.825075741",25.4,49.1
"Cotton, Jharel",605194,2017,564,18.6,9.4,".352",".321",31.6,6,30.9,"75.312197766","93.056835878",22.1,47.5
"Davies, Zach",605200,2017,817,15.2,6.7,".323",".336",34,4,31.1,"74.878122614","92.787750866",18.3,43.4
"Fulmer, Michael",605242,2017,676,16.9,5.9,".279",".310",32.5,4.9,29.4,"74.757091383","92.750320693",21.6,49.5
"Nola, Aaron",605400,2017,693,26.6,7.1,".293",".279",33.4,5,31,"74.156470132","92.633089342",26.6,45.2
"Snell, Blake",605483,2017,547,21.8,10.8,".308",".306",30.4,4.3,30,"75.253832737","92.782237011",26.4,43.2
"Perdomo, Luis",606131,2017,716,16.5,9.1,".339",".334",26.5,5,36.4,"76.888645465","93.652672777",21.8,45.3
"Montero, Rafael",606160,2017,550,20.7,12.2,".359",".319",30.8,4.1,25.3,"72.665698409","92.331377806",24.2,45.6
"Gsellman, Robert",607229,2017,549,14.9,7.7,".344",".340",33.8,5,32.5,"73.919035743","93.337019231",17,47.8
"Biagini, Joe",607352,2017,517,18.8,8.1,".323",".306",29.3,5.3,31.2,"74.145341622","93.162608753",19.5,46.4
"Freeland, Kyle",607536,2017,688,15.6,9.2,".340",".319",29,4.3,33.6,"73.503644139","93.326657316",18.3,45.5
"Wacha, Michael",608379,2017,701,22.5,7.8,".316",".305",32.4,5.6,30.1,"76.575083941","92.900445085",23,47.8
"Márquez, Germán",608566,2017,700,21,7,".341",".324",31.3,7.1,36,"78.147728197","93.721957316",20.7,48.7
"McCullers Jr., Lance",621121,2017,512,25.8,7.8,".305",".291",30.4,4.6,32.8,"76.356466832","93.298067196",28,45.6
"Berríos, José",621244,2017,616,22.6,7.8,".302",".305",32.5,5,29.1,"74.754791171","92.601706577",23.3,45.6
"Blach, Ty",621389,2017,692,10.5,6.2,".326",".335",32.7,3.7,33,"75.742202115","93.033970628",15.6,45.8
"Wood, Alex",622072,2017,614,24.6,6.2,".266",".280",30.8,5,28,"74.097770922","92.506155218",26.4,48.7
"Senzatela, Antonio",622608,2017,564,18.1,8.3,".322",".327",32.8,5.4,34.5,"76.754112822","93.313721881",18,43.6
"Severino, Luis",622663,2017,782,29.4,6.5,".263",".271",29.7,6.1,33.5,"76.091770902","93.196214467",28.1,49.1
"Maeda, Kenta",628317,2017,557,25.1,6.1,".303",".286",34.9,4.8,28.4,"75.376650984","92.508379754",27.4,48.1
"Manaea, Sean",640455,2017,691,20.3,8,".329",".328",32.3,5.8,41.2,"78.836638299","94.169367089",25.4,47.8
"Kuhl, Chad",641771,2017,680,20.9,10.6,".338",".332",36.7,5.7,38.6,"78.099740625","93.917541339",23.1,44.9
"Godley, Zack",643327,2017,627,26.3,8.5,".285",".294",28.7,6.4,38.7,"76.414951701","93.824904742",31.4,44.8
"Montgomery, Jordan",656756,2017,649,22.2,7.9,".295",".307",31.8,6.2,31.6,"76.169578756","92.866520535",26.9,47.2
"Miranda, Aríel",664641,2017,678,20.2,9.3,".329",".334",32.8,9.5,34,"77.100015216","93.380146228",26,47.7
"Colon, Bartolo",112526,2018,628,12.9,4,".362",".363",37.2,7.5,40.8,"78.990581081","94.305538687",12.6,46.2
"Sabathia, CC",282332,2018,665,21.1,7.7,".313",".288",32.2,5.2,26.6,"73.359951878","92.250301965",24.8,47.9
"Greinke, Zack",425844,2018,839,23.7,5.1,".286",".303",35.4,6.4,33.5,"77.487911633","93.216715877",26,45.3
"Hamels, Cole",430935,2018,805,23.4,8.1,".325",".332",34.4,7.5,35.9,"77.926503042","93.724410552",27,47.8
"Hernández, Félix",433587,2018,684,18.3,8.6,".344",".352",34,8.4,38.5,"79.751502678","94.188946987",19.8,45
"Verlander, Justin",434378,2018,833,34.8,4.4,".259",".237",31.1,6.2,32.7,"78.75990849","93.215622592",31.6,51.2
"Liriano, Francisco",434538,2018,586,18.8,12.5,".337",".355",34.4,7.5,32.2,"77.444724082","93.267754834",25.4,42.1
"Hammel, Jason",434628,2018,582,15.8,6.7,".368",".365",36.8,8.3,39.5,"79.116028597","94.115768912",20.6,49.1
"Sánchez, Aníbal",434671,2018,553,24.4,7.6,".277",".275",27.2,5.1,26.3,"73.59857095","92.227648992",24.7,46.5
"Kluber, Corey",446372,2018,842,26.4,4,".270",".277",32.1,6.3,34.5,"77.474814353","93.263122919",26.9,48.2
"Hill, Rich",448179,2018,547,27.4,7.5,".297",".304",33,7.8,36.2,"78.503322647","93.652919263",24.7,47.1
"Shields, James",448306,2018,871,17.7,9,".326",".350",35.9,8.3,35.6,"78.170011093","93.584878939",24.5,45.4
"Guerra, Junior",448855,2018,610,22.3,9,".333",".312",32.3,6.7,38.8,"78.103361527","94.105870936",24.7,47.3
"Morton, Charlie",450203,2018,695,28.9,9.2,".293",".284",32,5.8,31,"76.951516373","93.08194473",28.5,44.8
"Lester, Jon",452657,2018,761,19.6,8.4,".319",".342",38.9,6.6,35.4,"78.516620951","93.495959886",20.3,44.3
"Kennedy, Ian",453178,2018,518,20.3,7.7,".334",".342",39.2,8.9,37.1,"79.256158785","93.946026934",19.2,47.1
"LeBlanc, Wade",453281,2018,662,19.6,6,".306",".317",36.2,9,34.6,"76.268529752","93.257556715",21.9,46.2
"Scherzer, Max",453286,2018,866,34.6,5.9,".252",".248",33.8,6.6,31.7,"75.860880685","92.647810141",33.1,52.4
"Richard, Clayton",453385,2018,682,15.8,8.8,".334",".349",28.8,6.2,40.5,"80.531561296","94.604080507",19.5,46.3
"Arrieta, Jake",453562,2018,722,19.1,7.9,".315",".312",32.9,5.6,31.7,"77.758042023","92.933534786",19.5,46.1
"Price, David",456034,2018,722,24.5,6.9,".300",".313",33.2,7,35.7,"78.004062241","93.851433472",22.9,47.5
"Happ, J.A.",457918,2018,732,26.4,7,".295",".302",30.9,8.8,34,"77.746689496","93.580311996",24.1,47.8
"Lynn, Lance",458681,2018,700,23,10.9,".327",".310",30.4,4.2,37.1,"76.011148333","93.581628879",23.5,46.6
"Gonzalez, Gio",461829,2018,746,19.8,10.7,".320",".329",35.1,5.8,34.5,"76.94446063","93.321813688",24,43.2
"Estrada, Marco",462136,2018,627,16.4,8,".360",".332",37.6,9.3,33.3,"77.053938069","92.948710987",23.3,48.6
"Nova, Iván",467100,2018,683,16.7,5.1,".327",".332",33.2,7.9,38.7,"80.035492471","94.077225463",19.9,48.9
"Chacín, Jhoulys",468504,2018,796,19.6,8.9,".287",".320",32.8,6.5,37.8,"78.050611481","93.927760278",21.3,43.4
"Carrasco, Carlos",471911,2018,784,29.5,5.5,".288",".283",32.9,6,39.1,"79.706658008","94.074574751",33.1,49.7
"Ross, Tyson",475115,2018,634,19.2,9.8,".309",".324",36.8,6.1,35.2,"78.26739968","93.252466142",21.8,42.9
"Kershaw, Clayton",477132,2018,649,23.9,4.5,".272",".282",29.9,5.4,35.4,"77.208474626","93.432404857",23,51.6
"Cashner, Andrew",488768,2018,681,14.5,9.5,".366",".358",36.4,7.2,35.8,"79.270260472","93.70698626",17.2,43.6
"Quintana, Jose",500779,2018,739,21.4,9.2,".319",".321",33.7,6.1,37.6,"79.719928826","93.737849168",20.6,42.8
"Minor, Mike",501985,2018,640,20.6,5.9,".312",".319",35.5,10.8,35.3,"77.29015187","93.470661678",22.3,48.9
"Archer, Chris",502042,2018,638,25.4,7.7,".330",".317",33.7,6.4,38.7,"79.730301531","93.947308897",28.6,48.5
"Gibson, Kyle",502043,2018,826,21.7,9.6,".306",".319",30.9,5.7,36.4,"76.675027942","93.491631935",26.8,45.2
"Cobb, Alex",502171,2018,661,15.4,6.5,".345",".338",33.4,7.8,40.6,"78.184592174","94.031287624",17.8,45.7
"Leake, Mike",502190,2018,783,15.2,4.3,".326",".348",35.4,6.7,39.6,"79.210878553","94.224811479",16.7,49.7
"Anderson, Chase",502624,2018,644,19.9,8.9,".317",".330",34.5,8.8,30.8,"76.343084091","93.040743818",22.1,47.2
"Holland, Derek",502706,2018,727,23.2,9.2,".309",".312",34.1,6.6,35.4,"77.555262532","93.635942743",23.8,47
"Bettis, Chad",518452,2018,518,15.4,9.1,".339",".343",30.1,7.3,38.6,"77.266078413","94.106074775",21.3,43.7
"Bumgarner, Madison",518516,2018,551,19.8,7.8,".300",".321",34.3,8.4,35.5,"77.660434615","93.650850257",21.6,46.8
"Duffy, Danny",518633,2018,692,20.4,10.1,".333",".346",36.7,7.3,37.3,"78.254860297","93.611657818",23.4,46.1
"Harvey, Matt",518774,2018,663,19.8,5.6,".334",".319",32.3,8,40,"79.755514748","94.483225399",20.6,49
"Porcello, Rick",519144,2018,808,23.5,5.9,".303",".311",33.8,7,35.7,"78.511315127","93.854074499",20.5,47.1
"Sale, Chris",519242,2018,617,38.4,5.5,".237",".233",31.9,7.5,26.8,"74.146397669","92.528917117",35,48.2
"Zimmermann, Jordan",519455,2018,556,20,4.7,".338",".327",38.6,9.6,38.4,"78.618285314","93.904943237",20.6,48.5
"Teheran, Julio",527054,2018,724,22.4,11.6,".295",".323",34.5,7.2,36.7,"78.445574805","93.562641302",28.5,43.1
"Anderson, Tyler",542881,2018,736,22.3,7.9,".323",".296",35.8,5.7,31.4,"77.142577937","93.073733618",25.4,49.1
"Cole, Gerrit",543037,2018,799,34.5,8,".265",".271",35.8,6.2,39.8,"78.980530897","93.793774719",30.9,49.6
"Gaviglio, Sam",543208,2018,548,19.2,6.9,".344",".330",31.4,6.7,40.4,"77.848396091","94.112764351",20.9,43.8
"Gray, Sonny",543243,2018,582,21.1,9.8,".336",".322",30.5,6.3,39.5,"77.528016218","94.004006762",25.1,43
"Hendricks, Kyle",543294,2018,812,19.8,5.4,".295",".300",32.6,5.7,30.8,"74.975273162","92.907246598",22.1,44.7
"Montgomery, Mike",543557,2018,534,16.1,7.3,".315",".325",31.1,3.7,38.7,"76.841001327","93.572425064",21.6,46.4
"Odorizzi, Jake",543606,2018,711,22.8,9.8,".322",".332",35.2,7.4,39,"78.555609372","93.924690112",24.7,47.4
"Roark, Tanner",543699,2018,760,19.2,6.6,".319",".318",32.7,6,33.6,"76.992998608","93.388263945",20.4,45.8
"Strasburg, Stephen",544931,2018,544,28.7,7,".306",".306",35.1,7.3,38.9,"78.67185","94.003158843",27.9,46.8
"Bauer, Trevor",545333,2018,717,30.8,7.9,".260",".259",33,4.4,29.1,"77.965412547","92.860139007",31.5,45.1
"Tanaka, Masahiro",547888,2018,635,25,5.5,".307",".305",31.8,7.1,38.1,"78.301194977","93.874537271",29.4,50.4
"Stripling, Ross",548389,2018,503,27,4.4,".309",".270",34.3,5.8,31.7,"78.047433742","92.893034847",25.6,48.3
"Wheeler, Zack",554430,2018,744,24.1,7.4,".272",".278",32.9,4.8,27.1,"75.422836173","92.398570412",24.7,49.2
"Ureña, José",570632,2018,712,18.3,7.2,".298",".311",30.3,6.2,36.2,"77.792187843","93.641051667",20.2,47.5
"Boyd, Matthew",571510,2018,709,22.4,7.2,".305",".287",34.4,6.1,32.3,"77.335605187","92.730585239",23.6,46.5
"Corbin, Patrick",571578,2018,800,30.8,6,".265",".283",31.1,5.8,35.6,"77.787217137","93.521333354",34.7,47.6
"Fiers, Mike",571666,2018,714,19.5,5.2,".319",".336",33.2,10.4,37.4,"79.904929198","93.997538092",19.9,46.6
"Heaney, Andrew",571760,2018,749,24,6,".310",".311",36.2,7.8,37.2,"76.27365626","93.602442327",26.3,48.5
"Matz, Steven",571927,2018,654,23.2,8.9,".317",".302",29,7.4,36.6,"78.962315498","93.648047678",23.3,43.5
"Mikolas, Miles",571945,2018,808,18.1,3.6,".271",".286",31.5,5.1,29.4,"76.173718553","92.670905865",20.2,52.5
"Paxton, James",572020,2018,645,32.2,6.5,".287",".286",36.3,9.4,42.1,"79.950562577","94.381203557",30,52.6
"Skaggs, Tyler",572140,2018,533,24.2,7.5,".320",".304",33.1,6.1,38.7,"79.288082784","93.882256449",25.7,47
"Keuchel, Dallas",572971,2018,874,17.5,6.6,".305",".293",29,4.5,33,"76.207144634","93.215602668",19.8,45.3
"Straily, Dan",573185,2018,518,19.1,10,".324",".354",36.1,7.5,41.4,"80.091738171","94.368145301",24,46.8
"Covey, Dylan",592229,2018,541,16.8,9.4,".319",".329",30,5.3,37.3,"78.15821","93.537936692",17.6,44.6
"Foltynewicz, Mike",592314,2018,743,27.2,9.2,".265",".274",30.8,6.9,34.5,"78.613296983","93.337673211",25.7,44
"Gausman, Kevin",592332,2018,776,19.1,6.4,".324",".333",33.5,7.4,40.8,"77.951337254","94.193265704",24.7,49.3
"Gray, Jon",592351,2018,742,24.7,7,".332",".306",31.9,5.8,37.9,"79.780287358","93.996075703",29.2,45.9
"Ray, Robbie",592662,2018,526,31.4,13.3,".312",".309",36.4,8.7,41.6,"79.482970426","94.496902057",32,43
"Syndergaard, Noah",592789,2018,644,24.1,6.1,".285",".267",29.1,2,26.6,"74.42863656","92.581566943",28.2,50.9
"Taillon, Jameson",592791,2018,785,22.8,5.9,".294",".289",35,4.3,31.9,"77.767895667","92.920155889",23.8,49.3
"Velasquez, Vince",592826,2018,630,25.6,9.4,".325",".296",32.3,5.2,34.8,"79.620469175","93.751432268",26.8,46.9
"Williams, Trevor",592866,2018,701,18,7.8,".287",".309",34.3,5.8,31,"76.001327849","92.883373832",18.8,47.2
"Martinez, Carlos",593372,2018,521,22.5,11.5,".291",".297",29.4,3.9,31.5,"74.021782531","93.051969753",24.9,47.5
"Rodriguez, Eduardo",593958,2018,553,26.4,8.1,".298",".299",37.7,6.7,33,"77.794729774","93.137512663",26.2,47.5
"deGrom, Jacob",594798,2018,835,32.2,5.5,".230",".243",32.2,4.1,28.9,"75.417923083","92.619660514",31.4,52.5
"Gonzales, Marco",594835,2018,686,21.1,4.7,".311",".311",37.8,5.4,35,"78.18887644","93.497978357",21.1,48.4
"Junis, Jakob",596001,2018,758,21.6,5.7,".331",".323",34.5,8.6,35.6,"78.301945","93.595588475",22.4,46.9
"Weaver, Luke",596133,2018,609,19.9,8.9,".340",".331",37.4,6.3,35,"77.08313654","93.458152796",22.3,46.6
"Pivetta, Nick",601713,2018,694,27.1,7.3,".322",".292",34.1,7.8,34.9,"79.04384537","93.536170116",27.5,48.1
"Bundy, Dylan",605164,2018,750,24.5,7.2,".363",".323",37.9,8.5,37.4,"79.34909772","93.785211583",26.8,50.3
"Clevinger, Mike",605182,2018,809,25.6,8.3,".288",".283",32,5.6,31.8,"76.362553053","92.862517252",27.8,46.4
"Fulmer, Michael",605242,2018,558,19.7,8.2,".327",".333",34.5,6.5,38.2,"78.799666907","94.123362506",23.2,50.2
"Nola, Aaron",605400,2018,831,27,7,".251",".258",27.9,4.6,31.2,"76.78916375","92.730845284",27.7,47.6
"Snell, Blake",605483,2018,700,31.6,9.1,".246",".274",33.1,7.2,32.7,"76.84673561","93.090740098",34.7,45.4
"Suárez, Andrew",605498,2018,665,19.5,6.8,".328",".334",31.4,7.6,38.1,"78.787631639","94.190472269",18.3,46
"Rodón, Carlos",607074,2018,510,17.6,10.8,".309",".313",28.3,5.1,34.3,"77.18702125","93.163799176",21.3,45.6
"Romano, Sal",607219,2018,644,16.3,8.2,".334",".338",32.2,8.1,34.2,"77.646058602","93.509477775",18.8,47.3
"Freeland, Kyle",607536,2018,844,20.5,8.3,".292",".299",30.9,5,29.2,"76.369316014","92.633889036",21.8,45.8
"Giolito, Lucas",608337,2018,775,16.1,11.6,".345",".348",30.5,7,37.1,"78.620984037","93.523389574",21.4,43.4
"Márquez, Germán",608566,2018,815,28.2,7,".300",".282",31.5,5.6,39.1,"79.04423537","94.148958343",28.5,47.4
"Stratton, Chris",608717,2018,625,17.9,8.6,".339",".356",38.7,7,38.8,"81.13657489","94.100184901",20.8,45.9
"Chen, Wei-Yin",612672,2018,572,19.4,8.2,".318",".288",35,5.3,31.5,"77.5692088","92.81238745",20.4,45.5
"Eflin, Zach",621107,2018,548,22.4,6.8,".318",".293",30.6,5.7,33.2,"76.424857273","93.235993396",23.8,48.8
"Buehler, Walker",621111,2018,541,27.9,6.8,".247",".259",25.9,4.3,32,"78.064161845","92.93610003",25.5,49.1
"McCullers Jr., Lance",621121,2018,527,26.9,9.5,".289",".299",32,8.2,35.1,"79.013770491","93.829788558",31.8,45.5
"Berríos, José",621244,2018,797,25.3,7.7,".292",".295",28.8,6,34.4,"75.742294549","93.411849076",26.1,47.9
"Blach, Ty",621389,2018,512,14.6,8,".325",".331",30.1,4.8,35.7,"77.290852292","93.770764465",18.2,43.9
"Wood, Alex",622072,2018,637,21.2,6.3,".288",".290",31.3,4.6,33.7,"78.206662018","93.125418094",24.1,49
"Castillo, Luis",622491,2018,708,23.3,6.9,".314",".318",33.7,8.8,39.5,"77.787950788","94.033699958",28.7,49.6
"Severino, Luis",622663,2018,780,28.2,5.9,".290",".298",36.7,7.7,34.7,"77.93695627","93.467707917",26.8,49.7
"López, Reynaldo",625643,2018,799,18.9,9.4,".310",".335",37.5,7.3,36.1,"77.951526929","93.421050446",21.3,47.4
"Maeda, Kenta",628317,2018,532,28.8,8.1,".304",".287",36.3,5.7,32.3,"76.660101795","93.070558167",31.4,49.9
"Manaea, Sean",640455,2018,654,16.5,4.9,".287",".329",31.6,7.9,39.7,"79.547834132","94.008319048",20.2,51.2
"Keller, Brad",641745,2018,583,16.5,8.6,".290",".301",28,4.6,31.6,"77.967599395","93.122944149",21.2,45.9
"Lauer, Eric",641778,2018,504,19.8,9.1,".347",".333",37.5,6,35.2,"77.671561392","93.646203354",20,46.9
"Mahle, Tyler",641816,2018,506,21.7,10.5,".360",".337",37.1,9.1,40.3,"80.223403902","94.259831067",24.1,47.7
"Yarbrough, Ryan",642232,2018,628,20.4,8,".314",".317",36.7,6.3,26.9,"74.639059636","92.423728318",20.7,48.2
"Barria, Jaime",642545,2018,537,18.2,8.8,".315",".327",34,7.3,33.2,"79.214828281","93.228754935",24.5,45.9
"Godley, Zack",643327,2018,791,23.4,10.2,".322",".334",33.3,6.4,38.8,"79.458104418","94.040489257",28.2,44.4
"Flaherty, Jack",656427,2018,615,29.6,9.6,".281",".279",30.9,6.6,34.7,"75.328739667","93.218216518",31.5,46.5
"Newcomb, Sean",656794,2018,696,23,11.6,".300",".297",32.2,4.2,31.9,"77.496915089","92.890019016",24.9,44.6
"Lucchesi, Joey",664192,2018,548,26.5,7.8,".328",".321",34.6,8.7,40.5,"78.805126826","94.159566486",25.8,44.2
"Richards, Trevor",670950,2018,547,23.8,9.9,".324",".319",39.9,6.1,36.3,"77.641504261","93.486585284",25.8,45.7
"Wainwright, Adam",425794,2019,745,20.5,8.6,".330",".329",32.1,6.5,39.2,"78.292462056","93.845111434",19.5,42.4
"Greinke, Zack",425844,2019,810,23.1,3.7,".263",".281",34.1,6.3,33.3,"77.091723759","92.997307621",24.1,46.7
"Hamels, Cole",430935,2019,617,23.2,9.1,".317",".322",31.1,7.6,41.3,"80.11781685","94.44789115",27.4,47.3
"Verlander, Justin",434378,2019,847,35.4,5,".243",".248",30.1,7.2,33.3,"76.535831441","93.055670637",33.6,51.9
"Sánchez, Aníbal",434671,2019,712,18.8,8.1,".296",".312",37.8,6.6,28.3,"76.624751693","92.714450571",22.4,48.4
"Morton, Charlie",450203,2019,790,30.4,7.2,".270",".274",34.3,5,32.8,"75.623727833","93.081770919",29.6,47.4
"Vargas, Jason",450306,2019,649,19.1,9.7,".318",".325",33.3,7.9,33.8,"77.052852477","93.124975473",24.2,43.6
"Lester, Jon",452657,2019,764,21.6,6.8,".344",".336",37.1,7.4,34.7,"78.141982472","93.604731689",21.1,45.7
"LeBlanc, Wade",453281,2019,532,17.3,5.8,".359",".343",38.5,7.8,39,"78.812888571","94.094017679",22.3,47.1
"Scherzer, Max",453286,2019,693,35.1,4.8,".269",".253",35.2,6.6,35.5,"76.796564853","93.26843887",33.9,52.5
"Arrieta, Jake",453562,2019,594,18.5,8.6,".339",".336",33.8,6.8,37.6,"79.195905024","93.791637126",18.3,44
"Bailey, Homer",456701,2019,696,21.4,7.6,".307",".318",31.6,5.7,39.5,"80.757001033","94.235323884",24.3,48.5
"Happ, J.A.",457918,2019,678,20.6,7.2,".329",".331",33.3,8.3,37.5,"79.019139333","93.794312004",23.7,48.1
"Lynn, Lance",458681,2019,875,28.1,6.7,".294",".283",34,5.9,33.8,"77.48156893","93.230290407",28.5,49
"Nova, Iván",467100,2019,806,14.1,5.8,".351",".352",34.6,7.2,38.4,"77.427465176","94.102419968",18.5,48.9
"Anderson, Brett",474463,2019,743,12.1,6.6,".308",".347",30.5,7.3,40,"78.996192736","94.183617343",17,47.5
"Kershaw, Clayton",477132,2019,706,26.8,5.8,".280",".289",30.1,6.6,34.1,"78.595967339","93.45842669",27.7,51.3
"Cashner, Andrew",488768,2019,636,17,9.1,".317",".343",31.8,7.7,41,"79.419470996","94.166951818",22.5,45.3
"Miley, Wade",489119,2019,720,19.4,8.5,".311",".307",29,4.3,32.5,"76.949157521","93.08191824",22.9,44.6
"Quintana, Jose",500779,2019,745,20.4,6.2,".321",".326",34.7,5.7,37.9,"80.580937899","93.957980447",20.9,44.3
"Pineda, Michael",501381,2019,600,23.3,4.7,".301",".313",35.4,7.3,37.4,"79.732935764","93.936582759",25.6,52.6
"Minor, Mike",501985,2019,863,23.2,7.9,".301",".297",31.6,7,30.4,"76.162254845","92.844435876",26.2,47.8
"Archer, Chris",502042,2019,526,27.2,10.5,".334",".346",40.7,10.5,39.5,"78.484095414","94.280519936",29.7,45.9
"Gibson, Kyle",502043,2019,706,22.7,7.9,".333",".333",32.8,7.5,37.8,"76.984740798","93.893180021",29.3,46.6
"Samardzija, Jeff",502188,2019,740,18.9,6.6,".289",".326",34.5,8.3,37.7,"79.575589554","93.884060149",20.2,48.3
"Leake, Mike",502190,2019,835,15.2,3.2,".341",".354",31.4,8.8,42.9,"80.453543825","94.685339864",18,50.4
"Anderson, Chase",502624,2019,592,20.9,8.4,".320",".320",31.5,6.3,32.9,"76.388470622","93.149145896",23.5,49.8
"Darvish, Yu",506433,2019,731,31.3,7.7,".294",".298",32.6,7.4,37.5,"77.989468148","93.709835568",30.4,48.3
"Bumgarner, Madison",518516,2019,844,24.1,5.1,".300",".321",35.9,9,41.8,"80.539498293","94.529638345",24.6,50.7
"Duffy, Danny",518633,2019,555,20.7,8.3,".323",".341",33.4,7.5,37.8,"78.943805156","93.940234204",24.1,47.6
"Kelly, Merrill",518876,2019,777,20.3,7.3,".318",".344",33.2,9.5,40,"79.658110873","94.334380656",22.4,47.2
"Porcello, Rick",519144,2019,768,18.6,5.9,".338",".334",34.9,9.6,37.7,"77.472255684","93.752973902",18,49.4
"Sale, Chris",519242,2019,612,35.6,6,".294",".284",34.9,8.1,36.3,"78.006804211","93.662111789",32,47.4
"Zimmermann, Jordan",519455,2019,504,16.3,5,".363",".363",37.9,9.5,38.4,"80.705658177","94.125352396",20.3,46.8
"Pérez, Martín",527048,2019,737,18.3,9.1,".334",".306",33.8,5.3,29.7,"74.984020191","92.727144015",21.7,49
"Teheran, Julio",527054,2019,754,21.5,11,".310",".327",31.2,6.9,35.4,"78.882257325","93.652615134",22.2,45.3
"Cole, Gerrit",543037,2019,817,39.9,5.9,".246",".237",33.2,5.9,35.5,"76.678804977","93.320113158",37.2,49.9
"DeSclafani, Anthony",543101,2019,696,24,7,".300",".297",33.4,7.1,38.7,"78.281595859","94.084247775",23.6,48.1
"Gray, Sonny",543243,2019,708,29,9.6,".265",".286",30.1,6.8,33.3,"77.34451901","93.509332705",28.4,42.2
"Hendricks, Kyle",543294,2019,730,20.5,4.4,".290",".294",33.6,5.4,31.5,"75.452932107","92.809975739",22.1,49.3
"Lyles, Jordan",543475,2019,599,24.4,9.2,".321",".312",31,8.1,41.3,"80.158988095","94.055513148",24,47.4
"Odorizzi, Jake",543606,2019,658,27.1,8.1,".289",".299",37.1,7.8,36.2,"79.410891068","93.679724672",27.7,49.2
"Roark, Tanner",543699,2019,722,21.9,7.1,".340",".341",37.1,8.4,37.3,"78.472414874","93.904787242",21.1,45.9
"Strasburg, Stephen",544931,2019,841,29.8,6.7,".265",".267",29.8,6.1,33.8,"77.367434479","93.302916673",30.6,47.7
"Bauer, Trevor",545333,2019,911,27.8,9,".316",".310",33.8,8.6,37.7,"78.030029018","93.847217",29.4,45.3
"Tanaka, Masahiro",547888,2019,759,19.6,5.3,".314",".316",33.1,6.2,37.9,"78.778854255","93.819559787",23.2,50.4
"Ryu, Hyun Jin",547943,2019,723,22.5,3.3,".263",".281",32.5,4.7,30.8,"75.101874845","93.046409264",24.9,49.7
"Wheeler, Zack",554430,2019,828,23.6,6,".294",".297",34.5,5.3,32.4,"75.98017","93.070746151",23,50.9
"Boyd, Matthew",571510,2019,788,30.2,6.3,".320",".297",33,9,35.3,"79.49947113","93.602302531",31.1,49.8
"Corbin, Patrick",571578,2019,835,28.5,8.4,".285",".303",31.7,9.4,38.7,"78.977153813","94.527443294",31.7,47.4
"Fiers, Mike",571666,2019,754,16.7,7,".303",".336",31.6,7.2,38.3,"77.021922904","93.655507408",18.2,47.3
"Matz, Steven",571927,2019,691,22.1,7.5,".325",".325",31.9,8.6,38.6,"77.844797149","94.108907228",22.9,46.6
"Mikolas, Miles",571945,2019,764,18.8,4.2,".319",".330",33,6.1,36.6,"77.882734945","93.621470874",21.7,49.3
"Paxton, James",572020,2019,633,29.4,8.7,".310",".291",35.1,7.4,38.5,"78.768392552","93.979846684",30.8,49.9
"Stroman, Marcus",573186,2019,774,20.5,7.5,".299",".292",27.2,4.1,35.6,"77.145629341","93.642928165",24.7,45.1
"Kikuchi, Yusei",579328,2019,721,16.1,6.9,".368",".345",32.1,7.7,39.1,"78.574793106","94.039020928",19.9,47.7
"Gray, Jon",592351,2019,637,23.5,8.8,".323",".327",31.6,5.9,43.8,"78.742396905","94.833960048",26.5,47.6
"Ray, Robbie",592662,2019,747,31.5,11.2,".322",".322",38.9,10.7,38.6,"77.763446782","94.068618515",32.7,45.4
"Sampson, Adrian",592716,2019,563,17.9,6.4,".382",".372",33.8,10.1,47.2,"80.856703527","94.946906416",21.4,49.5
"Sanchez, Aaron",592717,2019,605,19,11.2,".353",".343",29.5,7.6,42.2,"78.709968488","94.604615941",21.8,44.5
"Smith, Caleb",592761,2019,646,26,9.3,".315",".323",35.2,10.9,35.9,"78.086403184","93.67771197",27.8,49.7
"Smyly, Drew",592767,2019,514,23.3,10.7,".379",".361",35.9,9.8,38.6,"78.162024251","94.082304461",25.9,44.5
"Syndergaard, Noah",592789,2019,824,24.5,5.9,".301",".280",29.8,4.9,31.2,"76.312662","92.673274768",26.9,50.8
"Velasquez, Vince",592826,2019,516,25.2,8.3,".347",".335",34.1,10.2,40.1,"81.149716975","94.589820741",26,49.5
"Williams, Trevor",592866,2019,636,17.8,6.9,".351",".341",35.6,8.3,35.6,"77.24105181","93.41857625",22.2,50.3
"Germán, Domingo",593334,2019,594,25.8,6.6,".305",".316",37.8,8.8,40.1,"78.974980455","94.057958608",28.2,49.5
"Rodriguez, Eduardo",593958,2019,859,24.8,8.7,".307",".292",31.7,5.9,29.4,"75.237237491","92.609035278",27.4,46.4
"deGrom, Jacob",594798,2019,804,31.7,5.5,".250",".250",31.5,4.8,30.8,"75.691489191","92.674544414",31.4,53.4
"Gonzales, Marco",594835,2019,866,17,6.5,".311",".311",31.5,4.9,35.2,"77.912445506","93.493739367",18,47.7
"Beede, Tyler",595881,2019,523,21.6,8.8,".339",".343",34,8.4,44.3,"81.635898483","94.938188282",26.3,46.2
"Junis, Jakob",596001,2019,771,21.3,7.5,".340",".345",35.4,8.6,41.2,"80.168837313","94.223625504",22.6,45.3
"Norris, Daniel",596057,2019,610,20.5,6.2,".334",".335",30.9,8.8,43.3,"80.671862557","94.909888856",23.1,47.6
"Bassitt, Chris",605135,2019,612,23,7.7,".299",".302",32.6,4.9,31.7,"77.619143417","93.042677128",20.9,46.7
"Bundy, Dylan",605164,2019,700,23.1,8.3,".329",".309",31.9,5.9,31.9,"78.252138085","93.062501128",28.1,49
"Davies, Zach",605200,2019,672,15.2,7.6,".309",".339",37,7.2,33.3,"78.729539363","93.381141876",17.3,43.7
"López, Jorge",605347,2019,548,19.9,7.7,".360",".361",34.6,11.9,40.6,"79.984725648","94.63687557",21.6,44.8
"Musgrove, Joe",605397,2019,718,21.9,5.4,".309",".307",31.6,6.4,38.7,"78.298800906","93.889653787",24.6,51.9
"Nola, Aaron",605400,2019,852,26.9,9.4,".304",".310",32.9,6.8,39.5,"78.647378213","93.936595657",26.7,44.6
"Turnbull, Spencer",605513,2019,656,22.3,9,".329",".328",34,6.7,40.7,"78.858639213","94.367714074",24.7,46.9
"Means, John",607644,2019,637,19,6,".295",".302",37.3,6.8,30.7,"77.25768382","92.937064678",22.1,48
"Fried, Max",608331,2019,702,24.6,6.7,".315",".297",32.4,4.4,39.1,"78.499193718","94.017095085",26,47.4
"Giolito, Lucas",608337,2019,705,32.3,8.1,".275",".283",37.3,9.4,34.6,"76.977268551","93.678942663",32.4,49.6
"Wacha, Michael",608379,2019,561,18.5,9.6,".360",".356",35.5,7.8,35.5,"77.08827198","93.719873756",21.2,47.9
"Márquez, Germán",608566,2019,721,24.3,4.9,".311",".327",34.2,7.9,43.1,"81.405430484","94.806133152",26.6,49.5
"Eflin, Zach",621107,2019,705,18.3,6.8,".325",".307",30.1,6.9,32.8,"77.650030909","93.507853123",20.3,47.8
"Buehler, Walker",621111,2019,737,29.2,5,".270",".277",34.5,5.4,36.4,"79.575999746","93.605811826",26.8,50.3
"Berríos, José",621244,2019,842,23.2,6.1,".300",".304",34.2,6.5,32,"76.182677621","92.899373483",23.5,49.1
"Castillo, Luis",622491,2019,780,29,10,".277",".277",26.2,5.1,33.6,"75.363934533","93.547291448",35.9,47.3
"Senzatela, Antonio",622608,2019,582,13.1,9.8,".373",".362",31.7,6.1,44,"79.499558402","94.756131739",17.7,45.1
"López, Reynaldo",625643,2019,809,20.9,8,".349",".338",36.3,7.6,38.3,"77.750217553","94.030077252",24.7,48.7
"Maeda, Kenta",628317,2019,624,27.1,8.2,".274",".274",35.5,5.5,28.7,"75.76472264","92.259687538",32.4,48.9
"Chirinos, Yonny",630023,2019,530,21.5,5.3,".286",".318",34.8,8.8,33.8,"77.286390316","93.461512711",22.4,49.6
"Hudson, Dakota",641712,2019,757,18,11.4,".316",".337",31.4,6.8,38.8,"78.019221192","94.329664942",23.7,44.2
"Keller, Brad",641745,2019,709,17.2,9.9,".307",".329",32.5,5.9,38.6,"78.716659407","93.808015663",19.9,46
"Lauer, Eric",641778,2019,651,21.2,7.8,".321",".312",32.4,5.9,39.4,"79.717407511","94.107362711",20.1,47.8
"Mahle, Tyler",641816,2019,556,23.2,6.1,".326",".312",32.3,7.5,37.6,"78.882235217","93.890329103",23.3,46.2
"Sparkman, Glenn",642098,2019,606,13.4,6.8,".364",".362",39.5,7.7,41.8,"80.897866008","94.720399391",17.1,47.9
"Yarbrough, Ryan",642232,2019,563,20.8,3.6,".273",".291",35.3,7,26.2,"73.485222732","92.216714694",22.4,49.6
"Jurado, Ariel",642558,2019,541,15,6.7,".362",".367",34.5,10,43.1,"79.497765362","94.447427821",18,46.2
"Brault, Steven",643230,2019,505,19.8,10.5,".338",".336",34.3,6.1,38.7,"80.86345485","94.370441886",23.3,45.3
"Alcantara, Sandy",645261,2019,838,18,9.7,".308",".322",29.9,6.5,34.3,"75.970808983","93.287329508",23.8,49.6
"Soroka, Michael",647336,2019,701,20.3,5.8,".272",".305",32.4,5.1,37.5,"76.8236949","93.829988028",22.9,48.8
"Flaherty, Jack",656427,2019,772,29.9,7.1,".254",".279",33.4,6.9,30.3,"75.452172447","92.865941078",30.7,48
"Thornton, Trent",663423,2019,676,22,8.9,".325",".327",38.7,7.4,37,"77.236397904","93.623029103",24.4,44.4
"Paddack, Chris",663978,2019,568,26.9,5.5,".268",".279",33.1,7.1,32.5,"77.771064032","93.012504663",24.7,52.4
"Lucchesi, Joey",664192,2019,686,23,8.2,".298",".297",30.9,7.2,36.4,"77.623735174","93.512160826",25.4,45.3
"Bieber, Shane",669456,2019,859,30.2,4.7,".280",".295",32.5,8.5,43.3,"80.813265602","94.463244267",30.7,47.8
"Richards, Trevor",670950,2019,580,21.9,9.7,".316",".312",34.9,6.4,34.7,"78.384091047","93.359764724",26.3,49
"Wainwright, Adam",425794,2020,262,20.6,5.7,".277",".324",33,6.3,36.6,"75.684768404","93.58274617",24.1,46
"Greinke, Zack",425844,2020,273,24.5,3.3,".293",".299",34.7,8.2,35.2,"74.93030732","93.291148144",27.7,40.8
"Sánchez, Aníbal",434671,2020,245,17.6,7.3,".383",".353",37.6,9.4,37.6,"78.450162111","93.882949553",23.6,47.6
"Lester, Jon",452657,2020,265,15.8,6.4,".333",".363",34,12.3,38.9,"77.820627228","94.226303762",18.1,44.3
"Scherzer, Max",453286,2020,295,31.2,7.8,".319",".321",41.9,8.4,36.3,"77.195484023","94.048872832",32.5,50.5
"Arrieta, Jake",453562,2020,190,16.8,8.4,".351",".358",35.5,7.8,38.3,"77.831902899","94.159655145",18.9,41.3
"Cueto, Johnny",456501,2020,277,20.2,9.4,".324",".336",34.4,5.7,33.9,"77.153333789","93.34431836",19.9,45.2
"Happ, J.A.",457918,2020,196,21.4,7.7,".284",".279",26.3,5.1,34.3,"78.233579118","93.142280296",22.5,48
"Lindblom, Josh",458676,2020,191,27.2,8.4,".319",".309",44.2,5,32.5,"78.269397833","92.867144118",29.5,44
"Lynn, Lance",458681,2020,344,25.9,7.3,".287",".279",34.4,5.4,37.5,"77.997525495","93.735972793",25.4,49.5
"Carrasco, Carlos",471911,2020,280,29.3,9.6,".292",".300",35.5,8.3,34.9,"76.917276386","93.634904277",32.8,48.8
"Anderson, Brett",474463,2020,202,15.8,5,".328",".333",31.4,6.4,48.1,"77.666151299","94.78777513",19.5,44.9
"Kershaw, Clayton",477132,2020,221,28.1,3.6,".251",".271",29.3,8,34,"76.446133784","93.625258243",27.8,49.8
"Minor, Mike",501985,2020,239,25.9,8.4,".307",".317",36.5,10.3,40.4,"75.572587564","93.83100891",27.2,46.6
"Gibson, Kyle",502043,2020,301,19.3,10,".356",".360",33.3,7.2,39.6,"76.836915825","93.881787171",23.3,41.5
"Cobb, Alex",502171,2020,226,16.8,8,".320",".376",33.9,9.5,48.2,"80.598450476","95.660059042",23.5,44.2
"Darvish, Yu",506433,2020,297,31.3,4.7,".250",".269",36.9,6.4,34.2,"78.651437283","93.49421",32.1,49.7
"Bumgarner, Madison",518516,2020,190,15.8,6.8,".383",".409",37.6,14.9,40.4,"78.889719296","94.348475532",17.4,49.4
"Duffy, Danny",518633,2020,242,23.6,9.1,".324",".331",32.9,7.5,36,"77.840288987","93.989484013",25.6,46.3
"Porcello, Rick",519144,2020,261,20.7,5.7,".340",".348",35.3,8.4,36.8,"74.969895638","93.762452941",15.5,48.4
"Pérez, Martín",527048,2020,262,17.6,10.7,".325",".334",34.6,7.6,29.2,"75.493130333","92.55774838",22.1,43.3
"Anderson, Tyler",542881,2020,260,15.8,9.6,".325",".334",39.5,5.8,31.1,"76.293347204","92.692784355",24.5,45.7
"Cole, Gerrit",543037,2020,288,32.6,5.9,".279",".274",32,9.1,44.6,"79.873113372","94.802339591",34.2,49.6
"Eovaldi, Nathan",543135,2020,199,26.1,3.5,".336",".314",31.6,8.8,39.7,"80.262470152","94.391919924",28.1,53.3
"Gray, Sonny",543243,2020,235,30.6,11.1,".275",".304",37,3.7,32.6,"75.730744328","92.969396343",29.7,40
"Hendricks, Kyle",543294,2020,315,20.3,2.5,".269",".274",34.3,4.5,32,"74.950220833","92.680787573",24.9,49.8
"Lyles, Jordan",543475,2020,266,13.5,8.6,".356",".351",28.8,7.8,42,"79.626142277","94.068312723",16.8,43.1
"Roark, Tanner",543699,2020,220,18.6,10.5,".417",".383",36.4,13,42.9,"78.045116316","94.365690395",26.6,44.3
"Bauer, Trevor",545333,2020,278,36,6.1,".227",".225",25.9,6.3,38,"77.766438101","93.703112739",30.4,46.4
"Tanaka, Masahiro",547888,2020,197,22.3,4.1,".319",".309",32.9,9.1,37.1,"77.732469143","93.627920643",29.7,51.6
"Ryu, Hyun Jin",547943,2020,275,26.2,6.2,".279",".274",32.4,3.2,29.2,"76.646542667","92.768601899",26.2,49.3
"Stripling, Ross",548389,2020,220,18.2,8.2,".373",".384",37.9,10.6,39.1,"82.255938333","94.656446",18.8,43.1
"Wheeler, Zack",554430,2020,288,18.4,5.6,".291",".292",30.7,3.8,34,"73.20301619","93.138928469",22.6,52.9
"Boyd, Matthew",571510,2020,271,22.1,8.1,".378",".349",37,10.9,37,"75.498472609","93.758217268",28.1,48.5
"Corbin, Patrick",571578,2020,295,20.3,6.1,".357",".343",32.3,6.5,44.2,"80.567643519","94.923821302",23.6,50.4
"Fiers, Mike",571666,2020,257,14.4,6.2,".332",".334",33.5,7.5,33.5,"78.570640102","93.424965867",15.6,44.9
"Heaney, Andrew",571760,2020,279,25.1,6.8,".306",".321",36.2,7.4,39.4,"77.671291809","93.87947738",27.9,50.5
"Richards, Garrett",572070,2020,213,21.6,8,".313",".327",37.2,8.8,35.1,"80.637716027","93.78769226",26.1,47.1
"Keuchel, Dallas",572971,2020,257,16.3,6.6,".249",".317",34.3,4,31.3,"74.956208144","93.354275567",23.8,45.1
"Kikuchi, Yusei",579328,2020,194,24.2,10.3,".299",".282",29.1,3.9,36.2,"79.08295125","94.18261",29.7,46.5
"Gausman, Kevin",592332,2020,245,32.2,6.5,".283",".291",34.2,7.4,36.9,"76.682279595","93.725435608",33.1,50.9
"Ray, Robbie",592662,2020,251,27.1,17.9,".390",".379",38,13.1,46,"81.886657353","95.147485294",33.1,40.9
"Walker, Taijuan",592836,2020,225,22.2,8.4,".291",".340",40.1,7.2,32.9,"78.446220526","93.25322404",20.5,42.4
"Williams, Trevor",592866,2020,252,19.4,8.3,".382",".342",33.7,6.7,36,"75.560006897","93.408938621",24.1,48.5
"Montas, Frankie",593423,2020,237,25.3,9.7,".346",".330",37.9,7.8,35.3,"77.745635733","93.294562867",28.6,45.1
"deGrom, Jacob",594798,2020,268,38.8,6.7,".246",".256",30.1,9.6,33.6,"77.995876806","93.342833889",41,54.1
"Gonzales, Marco",594835,2020,277,23.1,2.5,".265",".301",36.6,8.4,34.3,"75.196540909","93.023268939",19.8,47.8
"Weaver, Luke",596133,2020,236,23.3,7.6,".368",".333",36.4,9.3,42,"79.435491","94.356294875",24.8,47.9
"Bassitt, Chris",605135,2020,261,21.1,6.5,".287",".301",28.9,5.9,37.4,"77.390751957","93.869726848",23,46.4
"Bundy, Dylan",605164,2020,267,27,6.4,".268",".270",30.6,4.6,32.9,"75.951830235","93.090558935",29.3,45
"Davies, Zach",605200,2020,276,22.8,6.9,".273",".344",36.1,10.3,36.6,"76.024619043","93.652096862",25.5,41.7
"Houser, Adrian",605288,2020,246,17.9,8.5,".353",".332",29.4,5.6,32.8,"74.6402825","92.993536989",22.3,49
"Nola, Aaron",605400,2020,289,33.2,8,".272",".283",34.5,5.4,38.1,"76.996211205","93.982298795",31.2,47.1
"Snell, Blake",605483,2020,203,31,8.9,".312",".309",35.2,9.8,36.9,"76.379892333","93.60301225",33.7,47.6
"Turnbull, Spencer",605513,2020,242,21.1,12,".296",".354",30,6.3,43.8,"81.291830641","94.939800903",28.2,43.5
"Woodruff, Brandon",605540,2020,293,31.1,6.1,".264",".264",26.1,7.2,33.9,"74.869262273","93.347296343",28.9,48.3
"Glasnow, Tyler",607192,2020,238,38.2,9.2,".289",".274",32,8.8,42.4,"80.449045323","94.735060081",32.6,46.5
"Fedde, Erick",607200,2020,222,12.6,9.9,".328",".358",29,8.3,39.6,"78.413971084","94.515513273",15.3,41.6
"Freeland, Kyle",607536,2020,304,15.1,7.6,".335",".344",31.9,5.6,35.8,"75.81297469","93.455217035",20.5,45.9
"Fried, Max",608331,2020,224,22.3,8.5,".276",".262",28.5,3.3,23.8,"70.900345342","91.972286027",25.7,47.6
"Giolito, Lucas",608337,2020,288,33.7,9.7,".257",".270",33.5,5.6,35.4,"75.1833505","93.575196101",36.6,50.7
"Márquez, Germán",608566,2020,344,21.2,7.3,".292",".315",32.9,4.9,40.2,"77.797894754","94.009115432",26.3,49
"Voth, Austin",608723,2020,225,19.6,8,".385",".356",36.5,9.4,43.4,"78.26105443","94.458397975",22,47.7
"Eflin, Zach",621107,2020,245,28.6,6.1,".325",".283",27,7.5,32.7,"76.259577436","93.336786452",24.2,48.4
"McCullers Jr., Lance",621121,2020,227,24.7,8.8,".308",".327",30.8,10.3,34.9,"79.549102222","93.617136736",29.5,40.6
"Mills, Alec",621219,2020,252,18.3,7.5,".316",".342",30.8,9.2,39.5,"74.541613913","93.6962775",17.9,44.3
"Berríos, José",621244,2020,271,25.1,9.6,".307",".322",33.3,6.3,39.7,"77.429804186","94.264088947",27.5,45.9
"Young, Alex",622065,2020,204,19.1,6.9,".361",".378",41.3,12.7,40.7,"79.834825067","94.424558792",24.4,49.3
"Castillo, Luis",622491,2020,292,30.5,8.2,".290",".266",28.7,4.5,37.1,"72.160531236","93.916524915",32.8,51
"Senzatela, Antonio",622608,2020,303,13.5,5.9,".309",".329",27.9,5.4,38.3,"77.06990275","93.887047992",18.6,46.3
"Castellani, Ryan",624418,2020,189,13.2,13.8,".374",".406",35.3,7.5,45.1,"81.435037164","94.716761128",24.9,42.4
"Maeda, Kenta",628317,2020,248,32.3,4,".219",".257",31,7,24.7,"74.312775844","92.194825425",34.9,52.6
"Urías, Julio",628711,2020,224,20.1,8,".269",".286",32.9,5,28.6,"76.528918228","92.859624241",26,49.6
"Manaea, Sean",640455,2020,222,20.3,3.6,".309",".306",28.6,7.1,44.6,"80.702390964","94.775818364",22,48.6
"López, Pablo",641154,2020,240,24.6,7.5,".278",".275",31.1,4.3,32.3,"73.64785675","92.8843835",26.6,50.7
"Keller, Brad",641745,2020,215,16.3,7.9,".236",".322",32.9,3.7,39.1,"79.168217342","93.762296646",19.3,46.6
"Kuhl, Chad",641771,2020,197,22.3,14.2,".322",".385",33.6,13.1,39.3,"78.284208333","94.600981849",27.2,39.7
"Mahle, Tyler",641816,2020,201,29.9,10.4,".290",".284",33.6,6,39.7,"76.316209138","93.353811121",33.7,45.7
"Yarbrough, Ryan",642232,2020,234,18.8,5.1,".301",".307",42.1,5.8,25.1,"69.197185952","92.039514311",27.6,52.2
"Dunn, Justin",643290,2020,198,19.2,15.7,".319",".373",34.6,11,44.9,"83.598973651","95.01771632",22.1,41.2
"Civale, Aaron",650644,2020,312,22.1,5.1,".339",".322",36.6,6.7,33.5,"75.989788288","93.101253964",24.9,45.5
"Canning, Griffin",656288,2020,238,23.5,9.7,".330",".320",30.4,8.9,34.2,"78.665578571","93.665709221",27.4,45.1
"Cease, Dylan",656302,2020,255,17.3,13.3,".354",".389",36.8,8.8,40.9,"79.089970706","94.561858059",25.3,41.5
"Montgomery, Jordan",656756,2020,193,24.4,4.7,".321",".304",33.6,6,29.9,"71.276990909","92.997012576",28.2,49.9
"Peterson, David",656849,2020,205,19.5,11.7,".290",".321",29.7,7.2,33.3,"76.464163088","93.302320667",26.1,42.5
"Sheffield, Justus",656954,2020,232,20.7,8.6,".285",".312",29.8,3.7,46.6,"80.59685575","94.837836875",19.9,44
"Webb, Logan",657277,2020,246,18.7,9.8,".353",".347",34.7,5.4,40.1,"77.132373855","93.898096024",22.9,42.1
"Lamet, Dinelson",659275,2020,267,34.8,7.5,".225",".259",34.7,7.3,40,"77.445168667","94.21267604",32.7,47.4
"Bubic, Kris",663460,2020,222,22.1,9.9,".336",".349",35.6,8.1,36.2,"74.927539315","93.665279658",24.6,44.8
"Singer, Brady",663903,2020,263,23.2,8.7,".285",".301",28.8,4.5,40.1,"77.398455843","94.126124972",24.2,42
"Paddack, Chris",663978,2020,245,23.7,4.9,".342",".345",34.7,11,47.4,"80.480246786","95.307474226",25.9,47.7
"Brubaker, JT",664141,2020,205,23.4,8.3,".328",".321",35,8,32.8,"75.022040147","93.611878444",27.2,45.6
"Valdez, Framber",664285,2020,288,26.4,5.6,".279",".301",33.5,7.9,48.7,"81.369185532","95.230895957",24.5,44.8
"Javier, Cristian",664299,2020,214,25.2,8.4,".280",".271",28.6,6.4,29.3,"76.423836667","92.697385693",22.5,43.4
"Luzardo, Jesús",666200,2020,248,23.8,6.9,".320",".318",34.3,7.1,36.7,"78.485395366","93.790261524",29.6,45
"Plesac, Zach",668676,2020,206,27.7,2.9,".241",".285",31.7,9.9,33.1,"77.482322571","93.131533786",29.8,52.8
"Gallen, Zac",668678,2020,291,28.2,8.6,".275",".296",33.7,7.2,32.6,"75.761361573","93.139621469",30.2,43.3
"May, Dustin",669160,2020,224,19.6,7.1,".282",".315",30.1,6.7,33.7,"76.854846","93.489027438",19.1,48.3
"Burnes, Corbin",669203,2020,240,36.7,10,".239",".273",31.2,7.2,34.4,"75.489102222","93.25455616",34.7,45
"Bieber, Shane",669456,2020,297,41.1,7.1,".222",".251",26.1,7.2,43.1,"78.051342838","94.655112703",40.7,46.7
"Dobnak, Randy",677976,2020,200,13.5,6.5,".313",".312",26.6,5.2,40.9,"75.1416852","94.450353356",20.7,47.9
"Wainwright, Adam",425794,2021,828,21,6,".273",".302",34.3,6.2,35.6,"77.656330068","93.426713667",20.2,43.8
"Greinke, Zack",425844,2021,697,17.2,5.2,".309",".319",35.3,6.5,35.4,"77.616197191","93.635624981",21.8,46
"Hill, Rich",448179,2021,661,22.7,8.3,".313",".323",37,8.9,34.8,"77.366844465","93.717793953",23.1,46.1
"Morton, Charlie",450203,2021,756,28.6,7.7,".264",".282",29.9,4.9,32.5,"77.626260088","93.368970396",29.1,46
"Lester, Jon",452657,2021,627,14.5,8.8,".352",".343",33.5,7.7,37.2,"76.810550681","93.976799595",20.1,46.4
"Scherzer, Max",453286,2021,693,34.1,5.2,".248",".263",33.6,8,34.3,"76.620696404","93.694755975",34.2,50.6
"Happ, J.A.",457918,2021,671,18.2,7.2,".361",".356",38.4,11.6,41.8,"79.199376829","94.84715666",19.6,47.9
"Lynn, Lance",458681,2021,641,27.5,7,".264",".256",31.7,5.8,36,"76.553069045","93.446171033",26.3,50.2
"Miley, Wade",489119,2021,690,18.1,7.2,".317",".311",31.8,6.1,34.2,"73.012654016","93.173406821",23.9,47.5
"Minor, Mike",501985,2021,669,22.3,6.1,".321",".320",35,9.3,35.9,"77.666560598","93.731220726",24.4,48.7
"Gibson, Kyle",502043,2021,754,20.6,8.5,".293",".301",30.6,4.9,39.1,"78.008978053","93.968936756",25.2,44.8
"Darvish, Yu",506433,2021,681,29.2,6.5,".301",".282",35.1,8.8,34.9,"78.08731436","93.203429953",27.3,47.6
"Bumgarner, Madison",518516,2021,613,20.2,6.4,".315",".319",38,7.5,38.5,"78.472563241","93.804930325",21.7,49
"Harvey, Matt",518774,2021,582,16.3,6.4,".355",".351",36.4,7.9,40.9,"78.820426091","94.314553841",19.1,48
"Kelly, Merrill",518876,2021,667,19.5,6.1,".319",".324",33.1,6.3,39.6,"78.355076255","94.143832227",20.6,49.2
"Pérez, Martín",527048,2021,509,19.1,7.1,".358",".355",40.3,9.3,42.2,"77.076907017","94.223236796",19.3,46
"Anderson, Tyler",542881,2021,703,19.1,5.4,".319",".315",35.7,8.5,33,"75.112696758","93.471536654",23.1,54.2
"Cole, Gerrit",543037,2021,726,33.5,5.6,".276",".273",33,9.8,38.6,"77.565526758","94.105607466",31.9,48.9
"DeSclafani, Anthony",543101,2021,676,22.5,6.2,".276",".304",32.7,8.1,38.8,"77.778434661","94.264522633",24.2,48.9
"Eovaldi, Nathan",543135,2021,764,25.5,4.6,".298",".283",37,6.3,36.4,"76.964025856","93.6398384",25.9,51.6
"Gray, Sonny",543243,2021,575,27,8.7,".300",".278",31.6,4.7,32.1,"74.857227022","93.192723315",26.2,43
"Hendricks, Kyle",543294,2021,785,16.7,5.6,".345",".338",37.4,8.4,33,"74.205278373","93.217965246",20.1,48.6
"Lyles, Jordan",543475,2021,769,19,7.3,".354",".351",35.5,9.1,41.6,"79.618644051","94.390029088",23.5,48.2
"Ryu, Hyun Jin",547943,2021,701,20.4,5.3,".313",".322",33.7,8.5,41.6,"78.898751797","94.364837227",22.6,47.5
"Wheeler, Zack",554430,2021,849,29.1,5.4,".257",".258",31.2,4.6,28.5,"71.902242948","92.688965373",26.8,51.9
"Corbin, Patrick",571578,2021,751,19,8,".362",".358",32.9,9.2,41.2,"78.148020906","94.634299585",24.9,47.9
"Heaney, Andrew",571760,2021,558,26.9,7.3,".341",".318",33.8,9.4,40.8,"78.778524327","94.070027126",28.3,48.7
"Matz, Steven",571927,2021,647,22.3,6.6,".315",".309",32.2,7,37.9,"76.962361681","93.440164856",22.3,46.9
"Richards, Garrett",572070,2021,617,18.6,9.7,".356",".357",34.6,8.5,47.8,"80.140899724","95.493330023",22.5,48.9
"Keuchel, Dallas",572971,2021,720,13.2,8.2,".356",".372",34.4,9,39.8,"76.12819018","94.346269387",21.1,44.2
"Stroman, Marcus",573186,2021,729,21.7,5.9,".284",".318",33.6,6.5,42,"77.468444661","94.596511195",26.8,48.5
"Kikuchi, Yusei",579328,2021,666,24.5,9.3,".325",".346",37.4,11,47,"81.841853023","95.503867744",27.7,48.5
"Foltynewicz, Mike",592314,2021,586,16.6,6.1,".355",".349",37.2,9.2,43,"78.83503621","94.822570228",18.3,47.4
"Gausman, Kevin",592332,2021,775,29.3,6.5,".265",".290",30.6,7.1,40.9,"77.914911777","94.447687867",31.4,52.4
"Gray, Jon",592351,2021,644,24.4,9,".320",".305",30.4,6.9,38.2,"77.826462115","94.242232699",26.9,45.3
"Ray, Robbie",592662,2021,773,32.1,6.7,".287",".293",34.3,9.8,43.1,"79.567923906","94.918518906",32.3,52
"Smyly, Drew",592767,2021,546,21.4,7.5,".342",".342",36.1,10.1,39,"77.570068449","94.218153797",25,49.9
"Taillon, Jameson",592791,2021,603,23.2,7.3,".309",".304",33.9,8.2,40.4,"78.104083561","94.067212738",26.5,50.8
"Walker, Taijuan",592836,2021,654,22.3,8.4,".301",".328",30.5,10,39.4,"78.125196864","94.202828841",23.6,46.2
"Montas, Frankie",593423,2021,778,26.6,7.3,".290",".307",34.4,8.7,42.3,"77.996835422","94.578879859",29.6,50.5
"Rodriguez, Eduardo",593958,2021,675,27.4,7,".330",".288",37.4,6.8,33.6,"74.680898539","93.136941396",26.3,48.7
"Gonzales, Marco",594835,2021,585,18.5,7.2,".321",".341",37.4,11.4,37,"76.738034225","93.854091103",20.4,48
"Pivetta, Nick",601713,2021,661,26.5,9.8,".316",".301",33.4,8.2,40.4,"79.550170728","94.069247816",24.6,48.1
"Bassitt, Chris",605135,2021,637,25,6.1,".274",".286",32.9,6.5,33.2,"76.721820704","93.226240235",23.9,47.7
"Davies, Zach",605200,2021,668,17.1,11.2,".366",".375",36.2,9.1,43.3,"78.663608783","94.683256863",22.3,43.2
"Houser, Adrian",605288,2021,599,17.5,10.7,".297",".311",28.1,5,36,"75.186798293","93.596799317",19.2,44.4
"López, Jorge",605347,2021,555,20.2,10.1,".369",".353",35,9.3,43.5,"77.778090802","95.190768235",20.7,43.7
"Musgrove, Joe",605397,2021,748,27.1,7.2,".284",".304",33.8,7.2,38.5,"76.746073648","93.540208734",30,46.9
"Nola, Aaron",605400,2021,749,29.8,5.2,".297",".283",33.3,7.1,37.4,"78.080159789","94.04703055",27.9,49.2
"Snell, Blake",605483,2021,550,30.9,12.5,".305",".335",39.3,11,41.2,"78.2789814","94.3982398",31.8,44.4
"Woodruff, Brandon",605540,2021,708,29.8,6.1,".252",".279",36,5.8,32.7,"73.412163318","93.487917153",28.2,51.1
"Rodón, Carlos",607074,2021,534,34.6,6.7,".247",".253",29.9,6.6,36.2,"78.535401267","94.0230923",33.2,50.5
"Fedde, Erick",607200,2021,590,21.7,8.1,".340",".336",31.1,9.3,40.6,"78.493197525","94.762373089",22.1,44.9
"Freeland, Kyle",607536,2021,515,20.4,7.4,".349",".314",34.5,8.2,35.3,"77.517810387","93.669716713",21.6,46.2
"Means, John",607644,2021,590,22.7,4.4,".294",".309",37.1,10.1,37.8,"76.212260806","93.845537607",25.4,50.5
"Fried, Max",608331,2021,667,23.7,6.1,".278",".288",31.2,6.3,34.3,"74.686843214","93.192413445",24.8,49
"Giolito, Lucas",608337,2021,719,28,7.1,".288",".279",37.4,6.7,34.2,"76.832555895","93.323217926",32.2,50.5
"Irvin, Cole",608344,2021,768,16.3,5.5,".323",".338",35.9,7.3,39.3,"78.890512423","94.048238838",19.5,52
"Wacha, Michael",608379,2021,528,22.9,5.9,".334",".355",39.8,10.5,43,"78.633480815","94.870366576",23,53.6
"Márquez, Germán",608566,2021,756,23.3,8.5,".303",".310",32.5,5.3,39.3,"78.131276787","94.098144266",27.2,47.8
"Quantrill, Cal",615698,2021,616,19.6,7.6,".296",".308",31.4,6.8,34.5,"76.458777056","93.412109321",22.1,47
"Kaprielian, James",621076,2021,502,24.5,8.2,".314",".324",37.5,9.3,42.3,"79.698083497","94.616206074",27.2,45.7
"Buehler, Walker",621111,2021,815,26,6.4,".255",".272",29.2,6.8,37.1,"76.924388075","93.913201664",26.5,49.2
"McCullers Jr., Lance",621121,2021,684,27,11.1,".283",".284",25.9,5.3,40.7,"79.44787034","94.33949129",30.2,41.6
"Mills, Alec",621219,2021,517,16.8,6.6,".343",".333",33.2,4.9,39.3,"77.083020524","93.926398766",18.7,46
"Berríos, José",621244,2021,781,26.1,5.8,".286",".311",36.6,9.1,38.3,"76.730793307","94.151290078",23.7,47
"Wood, Alex",622072,2021,585,26,6.7,".298",".304",33.1,5.3,40.5,"79.442460699","94.224620269",27.6,47.5
"Castillo, Luis",622491,2021,803,23.9,9.3,".318",".293",28.7,4.5,36.9,"76.302691128","93.565481809",28.9,49.3
"Senzatela, Antonio",622608,2021,670,15.7,4.8,".323",".318",30.7,5.9,42.7,"79.742400117","94.861867695",19.7,48.1
"Flexen, Chris",623167,2021,741,16.9,5.4,".311",".317",33.9,6.3,38.1,"79.435135442","94.030639187",19.3,49.8
"Urías, Julio",628711,2021,745,26.2,5.1,".266",".272",31.7,5.3,30.3,"74.37826752","92.763477541",24.3,51.3
"Crowe, Wil",640444,2021,524,21.2,10.9,".369",".347",33.4,9.4,37.1,"77.981150289","93.994251763",25.5,44.7
"Manaea, Sean",640455,2021,754,25.7,5.4,".310",".312",34.5,8,41.2,"79.634341937","94.771894139",27.1,51.5
"Alzolay, Adbert",640470,2021,519,24.7,6.6,".312",".326",33.8,9.9,38.1,"78.271738353","94.334088529",27.2,49.3
"Dunning, Dane",641540,2021,511,22.3,8.4,".336",".332",31.4,8.1,43.5,"77.886593699","94.650115246",23.2,46.3
"Keller, Brad",641745,2021,613,19.6,10.4,".358",".380",37,10.9,45,"78.653706172","95.050376316",22.4,44.8
"Mahle, Tyler",641816,2021,759,27.7,8.4,".308",".298",34.1,6.5,34.3,"77.107022328","93.357444017",28.4,45.2
"Yarbrough, Ryan",642232,2021,653,17.9,4.1,".325",".322",37.6,7.8,28.2,"72.605645569","92.517574959",21.1,48.8
"Peralta, Freddy",642547,2021,580,33.6,9.7,".252",".253",33.3,6,31.8,"75.491273974","92.848436603",34.2,45.6
"Alcantara, Sandy",645261,2021,837,24,6,".279",".287",29.9,6.1,39.4,"75.365831333","93.983632175",27.5,53.3
"Cease, Dylan",656302,2021,708,31.9,9.6,".295",".294",37,9.9,38.8,"78.65144905","94.13969505",34.6,46.8
"Montgomery, Jordan",656756,2021,661,24.5,7.7,".299",".310",35.4,7.4,36.5,"76.20211733","93.84232457",29.2,50.4
"Webb, Logan",657277,2021,596,26.5,6,".274",".276",28.2,5.6,38.8,"76.488039278","94.013392268",28.7,46.6
"Ohtani, Shohei",660271,2021,533,29.3,8.3,".279",".281",31.9,7.1,39.9,"76.761769308","94.113869591",28.9,48
"Bubic, Kris",663460,2021,556,20.5,10.6,".337",".349",34.8,9,39.6,"77.282799734","94.2339008",23.4,44.8
"Allard, Kolby",663465,2021,534,19.5,5.8,".331",".343",34.7,10.6,39,"78.973263622","94.487751049",19.8,48.4
"Mize, Casey",663554,2021,612,19.3,6.7,".308",".338",33,10,40,"77.920382182","94.371120888",22.6,45.8
"McClanahan, Shane",663556,2021,517,27.3,7.2,".304",".327",36.8,10.7,45.7,"80.852535212","95.640838697",32.1,50.2
"Singer, Brady",663903,2021,586,22.4,9,".338",".326",32.7,5.6,37.6,"77.036143333","94.101839871",25.3,43.7
"Brubaker, JT",664141,2021,537,24,6.9,".340",".329",33.4,8.8,38.7,"77.573203371","94.269267662",27.4,47.5
"Valdez, Framber",664285,2021,572,21.9,10.1,".288",".301",21.4,5.8,44.4,"80.442401862","94.90935976",26.3,42.4
"Anderson, Ian",666120,2021,535,23.2,9.9,".293",".317",29.4,9.5,38.7,"76.277428889","94.247479971",28.6,46.1
"Plesac, Zach",668676,2021,598,16.7,5.7,".314",".325",32.2,9.4,43.4,"80.35574652","94.850298013",23.1,51
"Gallen, Zac",668678,2021,523,26.6,9.4,".313",".306",32.7,7.9,43,"78.810645679","94.106073611",23.6,44.3
"Burnes, Corbin",669203,2021,657,35.6,5.2,".232",".219",29.5,3.1,30.5,"73.534577884","92.749467427",37.3,49.2
"Gilbert, Logan",669302,2021,503,25.4,5.6,".305",".310",36.4,8.8,44.6,"79.708084675","94.684913828",27.1,50.9
"Skubal, Tarik",669373,2021,634,25.9,7.4,".332",".356",35.3,13.9,45.1,"78.79621285","95.450602833",26.7,48.9
"Rogers, Trevor",669432,2021,550,28.5,8.4,".270",".283",34.9,5,36.7,"75.956438563","93.768583563",31,49.4
"Garcia, Luis",677651,2021,633,26.4,7.9,".297",".304",34.1,7.3,38.7,"76.559569069","93.917835637",30.7,47.1